pair_id,priority_rank,priority_tier,priority_gate_pass,display_priority_score,tier_display_band,within_tier_rank,within_tier_percentile,strict_gate_count_0_to_5,evidence_score_raw,evidence_score_percentile,evidence_tiebreaker_score,rank_score,case_priority_score,adaptive_priority_score,balanced_priority_score,structure_priority_score,condition_support_score,condition_support_count,priority_score_method,annotation_policy,core_gate_pass,dsRNA_case_priority,dsRNA_confidence,dsRNA_confidence_FPC_Mild,dsRNA_confidence_FPC_Control,summary_side,priority_gate_orientation,priority_gate_annotation,priority_gate_case_TE,priority_gate_case_editing,priority_gate_case_RI,FPC_Mild_AtoI_hits_window,FPC_Control_AtoI_hits_window,SPRINT_total_hits_window,SPRINT_delta_case_minus_control,SPRINT_direction,FPC_Mild_REDI_hits_window,FPC_Control_REDI_hits_window,REDI_total_hits_window,REDI_delta_case_minus_control,REDI_direction,RI_direction_majority_W,RI_direction_majority_A,RI_direction_majority_B,A_annotation_category,B_annotation_category,annotation_rule,orientation_adps,annotation_adps,case_expression_adps,energy_adps,energy_adps_source,interface_adps,interface_adps_source,case_editing_adps,RI_adps,control_RI_fraction,editing_available_callers,adaptive_weight_source,adaptive_gate_positive_n,adaptive_gate_background_n,adaptive_weight_orientation_adps,adaptive_weight_annotation_adps,adaptive_weight_case_expression_adps,adaptive_weight_energy_adps,adaptive_weight_interface_adps,adaptive_weight_case_editing_adps,adaptive_weight_RI_adps,adaptive_separation_orientation_adps,adaptive_separation_annotation_adps,adaptive_separation_case_expression_adps,adaptive_separation_energy_adps,adaptive_separation_interface_adps,adaptive_separation_case_editing_adps,adaptive_separation_RI_adps,adaptive_pos_median_orientation_adps,adaptive_pos_median_annotation_adps,adaptive_pos_median_case_expression_adps,adaptive_pos_median_energy_adps,adaptive_pos_median_interface_adps,adaptive_pos_median_case_editing_adps,adaptive_pos_median_RI_adps,adaptive_bg_median_orientation_adps,adaptive_bg_median_annotation_adps,adaptive_bg_median_case_expression_adps,adaptive_bg_median_energy_adps,adaptive_bg_median_interface_adps,adaptive_bg_median_case_editing_adps,adaptive_bg_median_RI_adps,A_TE_id,B_TE_id,A_SYMBOL,B_SYMBOL,A_annotation,B_annotation,A_repFamily,A_repName,B_repFamily,B_repName,genomic_orientation,transcript_orientation,RNAcofold_MFE_kcalmol,MFE_norm_kcalpermkb,RNAfold_A_MFE_kcalmol,RNAfold_B_MFE_kcalmol,ddG_interaction_kcalmol,ddG_norm_kcalpermkb,ddG_Z,ddG_mu_null,ddG_sd_null,null_n_requested,null_n_effective,null_shuffle_exact_dinuc,null_shuffle_method,interface_bpp_sum,interface_bpp_max,interface_bpp_n,interface_bpp_n_ge_1e5,interface_bpp_expected_fraction_shorter,interface_bpp_mean_arm_fraction,FPC_Mild_total,FPC_Control_total,FPC_Mild_fwd_frac,FPC_Control_fwd_frac,FPC_Mild_both_strands,FPC_Control_both_strands,FPC_Mild_arm_opposite,FPC_Control_arm_opposite,FPC_Mild_arms_both_cov,FPC_Control_arms_both_cov,bias_penalty,expr_points,energy_points,editing_points,A_log2FC,A_padj,A_repClass,A_SYMBOL_from_TE,A_annotation_from_TE,A_geneId_from_TE,A_GENENAME_from_TE,A_ENSEMBL_from_TE,B_log2FC,B_padj,B_repClass,B_SYMBOL_from_TE,B_annotation_from_TE,B_geneId_from_TE,B_GENENAME_from_TE,B_ENSEMBL_from_TE,log2FoldChange,padj,A_side_call,B_side_call,RI_overlap_any,RI_overlap_W,RI_overlap_A,RI_overlap_B,RI_overlap_both_arms,RI_event_count_W,RI_event_count_A,RI_event_count_B,RI_exact_overlap_any,RI_exact_overlap_W,RI_exact_overlap_A,RI_exact_overlap_B,RI_exact_overlap_both_arms,RI_nearby_any,RI_nearby_W,RI_nearby_A,RI_nearby_B,RI_nearby_both_arms,RI_gene_match_any,RI_gene_match_count,RI_gene_symbol_match_any,RI_gene_id_match_any,RI_gene_symbol_match_count,RI_gene_id_match_count,RI_search_slop_bp,RI_min_FDR_W,RI_min_FDR_A,RI_min_FDR_B,RI_max_abs_dPSI_W,RI_max_abs_dPSI_A,RI_max_abs_dPSI_B,RI_gene_min_FDR,RI_gene_max_abs_dPSI,RI_nearest_distance_W,RI_nearest_FDR_W,RI_nearest_dPSI_W,RI_gene_direction_majority,RI_gene_match_type,RI_gene_matched_symbols,RI_gene_matched_ids,RI_nearest_geneSymbol_W,RI_nearest_ID_W,RI_interval_mode,orientation_adps_z01,annotation_adps_z01,case_expression_adps_z01,energy_adps_z01,interface_adps_z01,case_editing_adps_z01,RI_adps_z01
B4_dup47654__MIR_dup26802,1,not_prioritized,False,49.0,0-49,1,1.0,3,1.0,1.0,0.5166666666666667,1.0,1.0,1.0,0.32333333333333336,0.30833333333333335,0.3333333333333333,1,adaptive_gate_median_separation,conservative,True,case_TE_only,high,high,high,both_FPC_Mild_up,True,True,True,False,False,,,0.0,0.0,neutral,0,0,0,0,neutral,FPC_Control_high_RI,FPC_Control_high_RI,FPC_Control_high_RI,intron,intron,acceptable_annotation_context,1.0,1.0,1.0,0.4666666666666666,MFE_norm+ddG_norm+ddG_Z,0.15000000000000002,mean_arm_fraction_plus_max_bpp,0.0,0.0,1.0,2,median_separation,2,8,0.2,0.0,0.8,0.0,0.0,0.0,0.0,0.25,0.0,1.0,0.0,0.0,0.0,0.0,0.75,1.0,1.0,0.4833333333333333,0.375,0.0,0.0,0.5,1.0,0.0,0.5666666666666667,0.55,0.0,0.0,B4_dup47654,MIR_dup26802,Pde4d,Pde4d,"Intron (ENSMUST00000122041.8/238871, intron 3 of 16)","Intron (ENSMUST00000122041.8/238871, intron 3 of 16)",B4,B4,MIR,MIR,inverted,inverted,-130.0,-288.24833702882484,-99.7,-24.3,-6.0,-13.303769401330376,0.4526796269880537,-7.684000000000002,3.720070220974277,50,50,True,randomized_eulerian_exact_dinucleotide,29.71573989904901,0.6010718310770221,18075,1733,0.1917144509616065,0.1460527320670346,12.797894021739127,3.585258152173913,0.3575656235899886,0.2856466129796305,True,True,True,False,True,True,0.2848687528200228,5,3,0,1.75258610617382,0.0024165812729532,SINE,Pde4d,"Intron (ENSMUST00000122041.8/238871, intron 3 of 16)",238871,"phosphodiesterase 4D, cAMP specific",ENSMUSG00000021699,1.00672262104351,0.0291863496379292,SINE,Pde4d,"Intron (ENSMUST00000122041.8/238871, intron 3 of 16)",238871,"phosphodiesterase 4D, cAMP specific",ENSMUSG00000021699,1.379654363608665,0.0024165812729532,FPC_Mild_up,FPC_Mild_up,1,1,1,1,1,2.0,2.0,2.0,1,1,1,1,1,0,0,0,0,0,1,4,1,0,4,0,0,1.3956963684673236e-05,1.3956963684673236e-05,1.3956963684673236e-05,0.28,0.28,0.28,1.3956963684673236e-05,0.28,0.0,1.3956963684673236e-05,-0.28,FPC_Control_high_RI,symbol_exact,Pde4d,,Pde4d,25668,intron_body,1.0,1.0,1.0,0.4666666666666666,0.15000000000000002,0.0,0.0
B1_Mur4_dup22582__ORR1B1-int_dup52458,2,not_prioritized,False,43.56,0-49,2,0.8888888888888888,3,0.9,0.9,0.5142857142857143,0.9,0.9,0.9,0.42000000000000004,0.55,0.3333333333333333,1,adaptive_gate_median_separation,conservative,True,case_TE_only,high,high,high,both_FPC_Mild_up,True,True,True,False,False,,,0.0,0.0,neutral,0,0,0,0,neutral,FPC_Control_high_RI,FPC_Control_high_RI,FPC_Control_high_RI,promoter,promoter,acceptable_annotation_context,0.5,1.0,1.0,0.5,MFE_norm+ddG_norm+ddG_Z,0.6,mean_arm_fraction_plus_max_bpp,0.0,0.0,1.0,2,median_separation,2,8,0.2,0.0,0.8,0.0,0.0,0.0,0.0,0.25,0.0,1.0,0.0,0.0,0.0,0.0,0.75,1.0,1.0,0.4833333333333333,0.375,0.0,0.0,0.5,1.0,0.0,0.5666666666666667,0.55,0.0,0.0,B1_Mur4_dup22582,ORR1B1-int_dup52458,Samm50,Samm50,Promoter (<=1kb),Promoter (<=1kb),Alu,B1_Mur4,ERVL-MaLR,ORR1B1-int,direct,inverted,-32.2,-277.58620689655174,-29.1,0.0,-3.1000000000000014,-26.72413793103449,-0.5974655970137326,-1.912,1.9883990073033369,50,50,True,randomized_eulerian_exact_dinucleotide,7.826203690989277,0.8824751349732166,550,175,0.5217469127326184,0.299617038994969,12.295258620689657,0.834051724137931,0.9772129710780018,0.6744186046511628,True,True,False,False,True,True,0.9544259421560036,3,2,0,3.58773292494864,0.0007644798542752,SINE,Samm50,Promoter (<=1kb),68653,SAMM50 sorting and assembly machinery component,ENSMUSG00000022437,2.42834978020029,0.0098540492142098,LTR,Samm50,Promoter (<=1kb),68653,SAMM50 sorting and assembly machinery component,ENSMUSG00000022437,3.008041352574465,0.0007644798542752,FPC_Mild_up,FPC_Mild_up,1,1,1,1,1,1.0,1.0,1.0,1,1,1,1,1,0,0,0,0,0,1,1,1,0,1,0,0,5.725239582421401e-06,5.725239582421401e-06,5.725239582421401e-06,0.61,0.61,0.61,0.0009985212590683,0.336,0.0,5.725239582421401e-06,-0.61,FPC_Mild_high_RI,symbol_exact,Samm50,,Pnpla3,58211,intron_body,0.5,1.0,1.0,0.5,0.6,0.0,0.0
L2c_dup3890__MIRb_dup15604,3,not_prioritized,False,38.11,0-49,3,0.7777777777777778,2,0.2,0.8,0.3976190476190476,0.2,0.2,0.2,0.15666666666666668,0.39166666666666666,0.0,0,adaptive_gate_median_separation,conservative,True,not_case_priority,high,high,high,discordant,True,True,False,False,False,,,0.0,0.0,neutral,0,0,0,0,neutral,,,,promoter,promoter,acceptable_annotation_context,1.0,1.0,0.0,0.2333333333333333,MFE_norm+ddG_norm+ddG_Z,0.55,mean_arm_fraction_plus_max_bpp,0.0,0.0,0.0,2,median_separation,2,8,0.2,0.0,0.8,0.0,0.0,0.0,0.0,0.25,0.0,1.0,0.0,0.0,0.0,0.0,0.75,1.0,1.0,0.4833333333333333,0.375,0.0,0.0,0.5,1.0,0.0,0.5666666666666667,0.55,0.0,0.0,L2c_dup3890,MIRb_dup15604,Gm33429,Gm33429,Promoter (<=1kb),Promoter (<=1kb),L2,L2c,MIR,MIRb,inverted,inverted,-74.7,-215.27377521613835,-15.7,-53.5,-5.5,-15.850144092219022,0.7639518328461453,-8.568,4.015959996548466,50,50,True,randomized_eulerian_exact_dinucleotide,31.107344282565272,0.9844966938808392,10178,2222,0.2636215617166548,0.1997307465407843,7.94894366197183,17.280516431924884,0.5596899224806202,0.9727976635196632,True,True,True,False,True,True,0.1193798449612404,5,3,0,2.56638762118204,0.0042666855358995,LINE,Gm33429,Promoter (<=1kb),102636331,"predicted gene, 33429",,-1.35564679481038,0.000885161094231,SINE,Gm33429,Promoter (<=1kb),102636331,"predicted gene, 33429",,0.6053704131858298,0.000885161094231,FPC_Mild_up,FPC_Control_up,0,0,0,0,0,0.0,0.0,0.0,0,0,0,0,0,0,0,0,0,0,0,0,0,0,0,0,0,,,,,,,,,32258.0,0.025525691916844,0.069,,none,,,Akr1d1,60258,intron_body,1.0,1.0,0.0,0.2333333333333333,0.55,0.0,0.0
L2_dup10146__ORR1B1_dup9915,4,not_prioritized,False,32.67,0-49,4,0.6666666666666666,2,0.1,0.4,0.4857142857142857,0.1,0.1,0.1,0.38,0.95,0.0,0,adaptive_gate_median_separation,conservative,True,control_enriched,high,high,high,both_FPC_Control_up,True,True,False,False,False,,,0.0,0.0,neutral,0,1,1,-1,control_enriched,,,,promoter,promoter,acceptable_annotation_context,0.5,1.0,0.0,1.0,MFE_norm+ddG_norm+ddG_Z,0.9,mean_arm_fraction_plus_max_bpp,0.0,0.0,0.0,2,median_separation,2,8,0.2,0.0,0.8,0.0,0.0,0.0,0.0,0.25,0.0,1.0,0.0,0.0,0.0,0.0,0.75,1.0,1.0,0.4833333333333333,0.375,0.0,0.0,0.5,1.0,0.0,0.5666666666666667,0.55,0.0,0.0,L2_dup10146,ORR1B1_dup9915,Gm33543,Gm33543,Promoter (2-3kb),Promoter (1-2kb),L2,L2,ERVL-MaLR,ORR1B1,direct,inverted,-255.1,-315.327564894932,-162.6,-50.5,-42.0,-51.9159456118665,-3.31547619497506,-22.0904,6.00504990208496,50,50,True,randomized_eulerian_exact_dinucleotide,86.89923964566928,0.9999491796902148,49240,2741,0.3845099099365897,0.2667826047501724,7.61686862244898,20.812500000000004,0.5586000460511167,0.881726113868971,True,True,True,False,True,True,0.1172000921022333,5,3,0,-1.10317167429407,0.0035705173470482,LINE,Gm33543,Promoter (2-3kb),102636491,"predicted gene, 33543",ENSMUSG00000110353,-2.37999983489779,0.0001166548416302,LTR,Gm33543,Promoter (1-2kb),102636491,"predicted gene, 33543",ENSMUSG00000110353,-1.7415857545959301,0.0001166548416302,FPC_Control_up,FPC_Control_up,0,0,0,0,0,0.0,0.0,0.0,0,0,0,0,0,0,0,0,0,0,1,1,1,0,1,0,0,,,,,,,2.7015176509084575e-05,0.402,663.0,2.701517650908457e-05,0.402,FPC_Mild_high_RI,symbol_exact,Gm33543,,Gm33543,81217,intron_body,0.5,1.0,0.0,1.0,0.9,0.0,0.0
PB1D10_dup10761__Charlie4a_dup197,5,not_prioritized,False,27.22,0-49,5,0.5555555555555556,2,0.1,0.4,0.4142857142857143,0.1,0.1,0.1,0.27999999999999997,0.7,0.0,0,adaptive_gate_median_separation,conservative,True,control_enriched,uncertain,uncertain,uncertain,both_FPC_Control_up,True,True,False,False,False,,,0.0,0.0,neutral,0,0,0,0,neutral,,,,promoter,promoter,acceptable_annotation_context,0.5,1.0,0.0,0.6,MFE_norm+ddG_norm+ddG_Z,0.8,mean_arm_fraction_plus_max_bpp,0.0,0.0,0.0,2,median_separation,2,8,0.2,0.0,0.8,0.0,0.0,0.0,0.0,0.25,0.0,1.0,0.0,0.0,0.0,0.0,0.75,1.0,1.0,0.4833333333333333,0.375,0.0,0.0,0.5,1.0,0.0,0.5666666666666667,0.55,0.0,0.0,PB1D10_dup10761,Charlie4a_dup197,Gm15998,Gm15998,Promoter (1-2kb),Promoter (<=1kb),Alu,PB1D10,hAT-Charlie,Charlie4a,direct,inverted,-95.9,-217.95454545454547,-17.7,-64.3,-13.900000000000006,-31.590909090909104,-1.9993425206036983,-7.560000000000001,3.171042447537029,50,50,True,randomized_eulerian_exact_dinucleotide,32.59437469585063,0.9994168505393328,12337,1152,0.3164502397655401,0.2065847262564356,3.254985754985756,14.556980056980056,1.0,1.0,False,False,False,False,True,True,1.0,1,3,0,-1.22654202213958,0.0116149230877406,SINE,Gm15998,Promoter (1-2kb),100038411,predicted gene 15998,,-1.97912178789104,1.63737159064574e-08,DNA,Gm15998,Promoter (<=1kb),100038411,predicted gene 15998,,-1.60283190501531,1.63737159064574e-08,FPC_Control_up,FPC_Control_up,0,0,0,0,0,0.0,0.0,0.0,0,0,0,0,0,0,0,0,0,0,0,0,0,0,0,0,0,,,,,,,,,146473.0,9.911216086739573e-08,0.627,,none,,,Clk2,16441,intron_body,0.5,1.0,0.0,0.6,0.8,0.0,0.0
PB1D10_dup10761__MIRb_dup7562,6,not_prioritized,False,21.78,0-49,6,0.4444444444444444,2,0.1,0.4,0.3904761904761905,0.1,0.1,0.1,0.24666666666666667,0.6166666666666667,0.0,0,adaptive_gate_median_separation,conservative,True,control_enriched,uncertain,uncertain,uncertain,both_FPC_Control_up,True,True,False,False,False,,,0.0,0.0,neutral,0,0,0,0,neutral,,,,promoter,promoter,acceptable_annotation_context,0.5,1.0,0.0,0.5333333333333333,MFE_norm+ddG_norm+ddG_Z,0.7,mean_arm_fraction_plus_max_bpp,0.0,0.0,0.0,2,median_separation,2,8,0.2,0.0,0.8,0.0,0.0,0.0,0.0,0.25,0.0,1.0,0.0,0.0,0.0,0.0,0.75,1.0,1.0,0.4833333333333333,0.375,0.0,0.0,0.5,1.0,0.0,0.5666666666666667,0.55,0.0,0.0,PB1D10_dup10761,MIRb_dup7562,Gm15998,Gm15998,Promoter (1-2kb),Promoter (<=1kb),Alu,PB1D10,MIR,MIRb,direct,inverted,-48.5,-266.4835164835165,-17.7,-24.2,-6.600000000000001,-36.26373626373627,0.231346783426662,-7.435999999999999,3.613622751167463,50,50,True,randomized_eulerian_exact_dinucleotide,32.80046129945286,0.9180421096155496,2897,675,0.415195712651302,0.3668233966142571,3.763336155800169,17.10986452159187,1.0,1.0,False,False,False,False,True,True,1.0,1,2,0,-1.22654202213958,0.0116149230877406,SINE,Gm15998,Promoter (1-2kb),100038411,predicted gene 15998,,-1.9271370975506,0.0029339708571637,SINE,Gm15998,Promoter (<=1kb),100038411,predicted gene 15998,,-1.57683955984509,0.0029339708571637,FPC_Control_up,FPC_Control_up,0,0,0,0,0,0.0,0.0,0.0,0,0,0,0,0,0,0,0,0,0,0,0,0,0,0,0,0,,,,,,,,,146473.0,9.911216086739573e-08,0.627,,none,,,Clk2,16441,intron_body,0.5,1.0,0.0,0.5333333333333333,0.7,0.0,0.0
L2_dup10146__ORR1A2_dup9123,7,not_prioritized,False,16.33,0-49,7,0.3333333333333333,2,0.1,0.4,0.38333333333333336,0.1,0.1,0.1,0.23666666666666666,0.5916666666666667,0.0,0,adaptive_gate_median_separation,conservative,True,control_enriched,high,high,high,both_FPC_Control_up,True,True,False,False,False,,,0.0,0.0,neutral,0,1,1,-1,control_enriched,,,,promoter,promoter,acceptable_annotation_context,0.5,1.0,0.0,0.7333333333333334,MFE_norm+ddG_norm+ddG_Z,0.45,mean_arm_fraction_plus_max_bpp,0.0,0.0,0.0,2,median_separation,2,8,0.2,0.0,0.8,0.0,0.0,0.0,0.0,0.25,0.0,1.0,0.0,0.0,0.0,0.0,0.75,1.0,1.0,0.4833333333333333,0.375,0.0,0.0,0.5,1.0,0.0,0.5666666666666667,0.55,0.0,0.0,L2_dup10146,ORR1A2_dup9123,Gm33543,Gm33543,Promoter (2-3kb),Promoter (1-2kb),L2,L2,ERVL-MaLR,ORR1A2,direct,inverted,-279.1,-312.1923937360179,-162.6,-90.9,-25.600000000000023,-28.63534675615215,-1.2205984950828246,-18.578000000000003,5.752915498657515,50,50,True,randomized_eulerian_exact_dinucleotide,79.80755424314472,0.9665878685755532,69006,3772,0.2566159300422659,0.1967535518505881,6.986389111289031,20.697157726180944,0.6664565665826266,0.9252632902333588,True,True,True,False,True,True,0.3329131331652533,5,3,0,-1.10317167429407,0.0035705173470482,LINE,Gm33543,Promoter (2-3kb),102636491,"predicted gene, 33543",ENSMUSG00000110353,-2.37992738432188,9.1084649010745e-07,LTR,Gm33543,Promoter (1-2kb),102636491,"predicted gene, 33543",ENSMUSG00000110353,-1.741549529307975,9.1084649010745e-07,FPC_Control_up,FPC_Control_up,0,0,0,0,0,0.0,0.0,0.0,0,0,0,0,0,0,0,0,0,0,1,1,1,0,1,0,0,,,,,,,2.7015176509084575e-05,0.402,982.0,2.701517650908457e-05,0.402,FPC_Mild_high_RI,symbol_exact,Gm33543,,Gm33543,81217,intron_body,0.5,1.0,0.0,0.7333333333333334,0.45,0.0,0.0
MTC_dup4758__Charlie4a_dup197,8,not_prioritized,False,10.89,0-49,8,0.2222222222222222,2,0.1,0.4,0.37380952380952376,0.1,0.1,0.1,0.22333333333333333,0.5583333333333333,0.0,0,adaptive_gate_median_separation,conservative,True,control_enriched,uncertain,uncertain,uncertain,both_FPC_Control_up,True,True,False,False,False,,,0.0,0.0,neutral,0,0,0,0,neutral,,,,promoter,promoter,acceptable_annotation_context,0.5,1.0,0.0,0.6666666666666666,MFE_norm+ddG_norm+ddG_Z,0.44999999999999996,mean_arm_fraction_plus_max_bpp,0.0,0.0,0.0,2,median_separation,2,8,0.2,0.0,0.8,0.0,0.0,0.0,0.0,0.25,0.0,1.0,0.0,0.0,0.0,0.0,0.75,1.0,1.0,0.4833333333333333,0.375,0.0,0.0,0.5,1.0,0.0,0.5666666666666667,0.55,0.0,0.0,MTC_dup4758,Charlie4a_dup197,Gm15998,Gm15998,Promoter (2-3kb),Promoter (<=1kb),ERVL-MaLR,MTC,hAT-Charlie,Charlie4a,direct,inverted,-194.6,-271.7877094972067,-109.5,-64.3,-20.799999999999983,-29.05027932960892,-2.3362593630986144,-10.222000000000005,4.527750714274388,50,50,True,randomized_eulerian_exact_dinucleotide,52.899781438721085,0.987527848843046,47607,1720,0.1569726452187569,0.1482749524757651,3.08133824432167,13.411909146715775,1.0,1.0,False,False,False,False,True,True,1.0,1,3,0,-1.81487859949824,1.88844208436796e-05,LTR,Gm15998,Promoter (2-3kb),100038411,predicted gene 15998,,-1.97912178789104,1.63737159064574e-08,DNA,Gm15998,Promoter (<=1kb),100038411,predicted gene 15998,,-1.8970001936946401,1.63737159064574e-08,FPC_Control_up,FPC_Control_up,0,0,0,0,0,0.0,0.0,0.0,0,0,0,0,0,0,0,0,0,0,0,0,0,0,0,0,0,,,,,,,,,145897.0,9.911216086739573e-08,0.627,,none,,,Clk2,16441,intron_body,0.5,1.0,0.0,0.6666666666666666,0.44999999999999996,0.0,0.0
L1MdF_I_dup5630__Lx7_dup18172,9,not_prioritized,False,5.44,0-49,9,0.1111111111111111,2,0.1,0.4,0.36428571428571427,0.1,0.1,0.1,0.21000000000000002,0.525,0.0,0,adaptive_gate_median_separation,conservative,True,control_enriched,high,high,high,both_FPC_Control_up,True,True,False,False,False,,,0.0,0.0,neutral,0,0,0,0,neutral,,,,promoter,intron,acceptable_annotation_context,0.5,1.0,0.0,0.5,MFE_norm+ddG_norm+ddG_Z,0.55,mean_arm_fraction_plus_max_bpp,0.0,0.0,0.0,2,median_separation,2,8,0.2,0.0,0.8,0.0,0.0,0.0,0.0,0.25,0.0,1.0,0.0,0.0,0.0,0.0,0.75,1.0,1.0,0.4833333333333333,0.375,0.0,0.0,0.5,1.0,0.0,0.5666666666666667,0.55,0.0,0.0,L1MdF_I_dup5630,Lx7_dup18172,Rdh16f2,Rdh16f2,Promoter (1-2kb),"Intron (ENSMUST00000092058.4/216454, intron 1 of 3)",L1,L1MdF_I,L1,Lx7,direct,inverted,-508.3,-287.33747880158285,-405.0,-83.0,-20.30000000000001,-11.47540983606558,-1.1295842701630798,-13.869999999999996,5.692359720157669,50,50,True,randomized_eulerian_exact_dinucleotide,88.52172190211047,0.9991275203028044,182269,2540,0.2801320313357926,0.1705277231359315,2.579638554216867,8.854096385542169,0.7607304656484984,0.9799561839186816,True,True,False,False,True,True,0.5214609312969969,3,3,0,-2.11126352271526,4.67319098494952e-06,LINE,Rdh16f2,Promoter (1-2kb),216454,RDH16 family member 2,ENSMUSG00000074639,-2.14343771211896,0.0005835234096392,LINE,Rdh16f2,"Intron (ENSMUST00000092058.4/216454, intron 1 of 3)",216454,RDH16 family member 2,ENSMUSG00000074639,-2.12735061741711,4.67319098494952e-06,FPC_Control_up,FPC_Control_up,0,0,0,0,0,0.0,0.0,0.0,0,0,0,0,0,0,0,0,0,0,0,0,0,0,0,0,0,,,,,,,,,222372.0,0.0420413852593045,-0.248,,none,,,Baz2a,57939,intron_body,0.5,1.0,0.0,0.5,0.55,0.0,0.0
B4_dup38534__MER74B_dup234,10,not_prioritized,False,0.0,0-49,10,0.0,2,0.1,0.4,0.30238095238095236,0.1,0.1,0.1,0.12333333333333334,0.30833333333333335,0.0,0,adaptive_gate_median_separation,conservative,True,control_enriched,high,high,high,both_FPC_Control_up,True,True,False,False,False,,,0.0,0.0,neutral,1,2,3,-1,control_enriched,,,,promoter,promoter,acceptable_annotation_context,0.5,1.0,0.0,0.26666666666666666,MFE_norm+ddG_norm+ddG_Z,0.35,mean_arm_fraction_plus_max_bpp,0.0,0.0,0.0,2,median_separation,2,8,0.2,0.0,0.8,0.0,0.0,0.0,0.0,0.25,0.0,1.0,0.0,0.0,0.0,0.0,0.75,1.0,1.0,0.4833333333333333,0.375,0.0,0.0,0.5,1.0,0.0,0.5666666666666667,0.55,0.0,0.0,B4_dup38534,MER74B_dup234,Gm33543,Gm33543,Promoter (<=1kb),Promoter (<=1kb),B4,B4,ERVL,MER74B,direct,inverted,-172.1,-281.2091503267974,-18.6,-147.4,-6.099999999999994,-9.9673202614379,1.42824562202213,-13.330000000000002,5.062154498162349,50,50,True,randomized_eulerian_exact_dinucleotide,31.54175465441862,0.4002717267310678,21003,3396,0.3504639406046513,0.2054443789751404,8.966537966537967,22.25032175032175,0.4369168939285202,0.7416273823639993,True,True,True,False,True,True,0.1261662121429596,5,3,1,-1.04978925400617,0.0479535043294661,SINE,Gm33543,Promoter (<=1kb),102636491,"predicted gene, 33543",ENSMUSG00000110353,-1.55673297342057,3.90385526644667e-06,LTR,Gm33543,Promoter (<=1kb),102636491,"predicted gene, 33543",ENSMUSG00000110353,-1.3032611137133698,3.90385526644667e-06,FPC_Control_up,FPC_Control_up,0,0,0,0,0,0.0,0.0,0.0,0,0,0,0,0,0,0,0,0,0,1,1,1,0,1,0,0,,,,,,,2.7015176509084575e-05,0.402,16285.0,2.701517650908457e-05,0.402,FPC_Mild_high_RI,symbol_exact,Gm33543,,Gm33543,81217,intron_body,0.5,1.0,0.0,0.26666666666666666,0.35,0.0,0.0
