dataset,display_dataset,analysis_variant,method,score_column,outer_fold,n,n_positive,n_negative,average_precision,roc_auc
GSE308489__w1000_standardized,GSE308488/9 HSV-1–FLAG-ZBP1,w1000_standardized,ADPS,score_integrated_adps,1.0,9.0,5.0,4.0,0.7511111111111112,0.725
GSE308489__w1000_standardized,GSE308488/9 HSV-1–FLAG-ZBP1,w1000_standardized,ADPS,score_integrated_adps,2.0,24.0,14.0,10.0,0.6468671679197995,0.6178571428571429
GSE308489__w1000_standardized,GSE308488/9 HSV-1–FLAG-ZBP1,w1000_standardized,ADPS,score_integrated_adps,3.0,38.0,32.0,6.0,0.8777073596152544,0.6197916666666667
GSE308489__w1000_standardized,GSE308488/9 HSV-1–FLAG-ZBP1,w1000_standardized,ADPS,score_integrated_adps,4.0,26.0,7.0,19.0,0.46462585034013604,0.7894736842105263
GSE308489__w1000_standardized,GSE308488/9 HSV-1–FLAG-ZBP1,w1000_standardized,ADPS,score_integrated_adps,5.0,30.0,17.0,13.0,0.8683006535947713,0.9004524886877827
GSE308489__w1000_standardized,GSE308488/9 HSV-1–FLAG-ZBP1,w1000_standardized,Supervised,supervised_score,1.0,9.0,5.0,4.0,0.8211111111111111,0.7000000000000001
GSE308489__w1000_standardized,GSE308488/9 HSV-1–FLAG-ZBP1,w1000_standardized,Supervised,supervised_score,2.0,24.0,14.0,10.0,0.6969461797510179,0.5571428571428572
GSE308489__w1000_standardized,GSE308488/9 HSV-1–FLAG-ZBP1,w1000_standardized,Supervised,supervised_score,3.0,38.0,32.0,6.0,0.8375323552889906,0.5364583333333334
GSE308489__w1000_standardized,GSE308488/9 HSV-1–FLAG-ZBP1,w1000_standardized,Supervised,supervised_score,4.0,26.0,7.0,19.0,0.4129662121258759,0.7218045112781954
GSE308489__w1000_standardized,GSE308488/9 HSV-1–FLAG-ZBP1,w1000_standardized,Supervised,supervised_score,5.0,30.0,17.0,13.0,0.9728408029878619,0.9638009049773755
GSE308489__w1000_standardized,GSE308488/9 HSV-1–FLAG-ZBP1,w1000_standardized,EER,eer_delta_arm_count,1.0,9.0,5.0,4.0,0.6444444444444445,0.49999999999999994
GSE308489__w1000_standardized,GSE308488/9 HSV-1–FLAG-ZBP1,w1000_standardized,EER,eer_delta_arm_count,2.0,24.0,14.0,10.0,0.6428571428571429,0.5714285714285714
GSE308489__w1000_standardized,GSE308488/9 HSV-1–FLAG-ZBP1,w1000_standardized,EER,eer_delta_arm_count,3.0,38.0,32.0,6.0,0.8421052631578947,0.5
GSE308489__w1000_standardized,GSE308488/9 HSV-1–FLAG-ZBP1,w1000_standardized,EER,eer_delta_arm_count,4.0,26.0,7.0,19.0,0.2692307692307692,0.5
GSE308489__w1000_standardized,GSE308488/9 HSV-1–FLAG-ZBP1,w1000_standardized,EER,eer_delta_arm_count,5.0,30.0,17.0,13.0,0.6058823529411764,0.5384615384615384
GSE308489__w1000_standardized,GSE308488/9 HSV-1–FLAG-ZBP1,w1000_standardized,dsRNAscan,dsrnascan_two_arm_match,1.0,9.0,5.0,4.0,0.5555555555555556,0.5
GSE308489__w1000_standardized,GSE308488/9 HSV-1–FLAG-ZBP1,w1000_standardized,dsRNAscan,dsrnascan_two_arm_match,2.0,24.0,14.0,10.0,0.5773809523809524,0.4857142857142857
GSE308489__w1000_standardized,GSE308488/9 HSV-1–FLAG-ZBP1,w1000_standardized,dsRNAscan,dsrnascan_two_arm_match,3.0,38.0,32.0,6.0,0.831140350877193,0.4479166666666667
GSE308489__w1000_standardized,GSE308488/9 HSV-1–FLAG-ZBP1,w1000_standardized,dsRNAscan,dsrnascan_two_arm_match,4.0,26.0,7.0,19.0,0.2692307692307692,0.42105263157894735
GSE308489__w1000_standardized,GSE308488/9 HSV-1–FLAG-ZBP1,w1000_standardized,dsRNAscan,dsrnascan_two_arm_match,5.0,30.0,17.0,13.0,0.5725490196078431,0.5113122171945701
GSE184962_4__w5000_expanded,GSE184962/4 IFNβ–Z22,w5000_expanded,ADPS,score_integrated_adps,1.0,7.0,3.0,4.0,0.3206349206349206,0.0
GSE184962_4__w5000_expanded,GSE184962/4 IFNβ–Z22,w5000_expanded,ADPS,score_integrated_adps,2.0,13.0,2.0,11.0,0.12878787878787878,0.09090909090909094
GSE184962_4__w5000_expanded,GSE184962/4 IFNβ–Z22,w5000_expanded,ADPS,score_integrated_adps,3.0,10.0,6.0,4.0,0.4910714285714286,0.20833333333333334
GSE184962_4__w5000_expanded,GSE184962/4 IFNβ–Z22,w5000_expanded,ADPS,score_integrated_adps,4.0,20.0,4.0,16.0,0.3654761904761905,0.75
GSE184962_4__w5000_expanded,GSE184962/4 IFNβ–Z22,w5000_expanded,ADPS,score_integrated_adps,5.0,8.0,5.0,3.0,0.5761904761904761,0.33333333333333337
GSE184962_4__w5000_expanded,GSE184962/4 IFNβ–Z22,w5000_expanded,Supervised,supervised_score,1.0,7.0,3.0,4.0,1.0,1.0
GSE184962_4__w5000_expanded,GSE184962/4 IFNβ–Z22,w5000_expanded,Supervised,supervised_score,2.0,13.0,2.0,11.0,1.0,1.0
GSE184962_4__w5000_expanded,GSE184962/4 IFNβ–Z22,w5000_expanded,Supervised,supervised_score,3.0,10.0,6.0,4.0,0.762037037037037,0.5416666666666666
GSE184962_4__w5000_expanded,GSE184962/4 IFNβ–Z22,w5000_expanded,Supervised,supervised_score,4.0,20.0,4.0,16.0,1.0,1.0
GSE184962_4__w5000_expanded,GSE184962/4 IFNβ–Z22,w5000_expanded,Supervised,supervised_score,5.0,8.0,5.0,3.0,0.9666666666666667,0.9333333333333333
GSE184962_4__w5000_expanded,GSE184962/4 IFNβ–Z22,w5000_expanded,EER,eer_delta_arm_count,1.0,7.0,3.0,4.0,0.42857142857142855,0.5
GSE184962_4__w5000_expanded,GSE184962/4 IFNβ–Z22,w5000_expanded,EER,eer_delta_arm_count,2.0,13.0,2.0,11.0,0.15384615384615385,0.5
GSE184962_4__w5000_expanded,GSE184962/4 IFNβ–Z22,w5000_expanded,EER,eer_delta_arm_count,3.0,10.0,6.0,4.0,0.6,0.5
GSE184962_4__w5000_expanded,GSE184962/4 IFNβ–Z22,w5000_expanded,EER,eer_delta_arm_count,4.0,20.0,4.0,16.0,0.2,0.5
GSE184962_4__w5000_expanded,GSE184962/4 IFNβ–Z22,w5000_expanded,EER,eer_delta_arm_count,5.0,8.0,5.0,3.0,0.625,0.5
GSE184962_4__w5000_expanded,GSE184962/4 IFNβ–Z22,w5000_expanded,dsRNAscan,dsrnascan_two_arm_match,1.0,7.0,3.0,4.0,0.42857142857142855,0.375
GSE184962_4__w5000_expanded,GSE184962/4 IFNβ–Z22,w5000_expanded,dsRNAscan,dsrnascan_two_arm_match,2.0,13.0,2.0,11.0,0.15384615384615385,0.45454545454545453
GSE184962_4__w5000_expanded,GSE184962/4 IFNβ–Z22,w5000_expanded,dsRNAscan,dsrnascan_two_arm_match,3.0,10.0,6.0,4.0,0.6,0.5
GSE184962_4__w5000_expanded,GSE184962/4 IFNβ–Z22,w5000_expanded,dsRNAscan,dsrnascan_two_arm_match,4.0,20.0,4.0,16.0,0.2,0.46875
GSE184962_4__w5000_expanded,GSE184962/4 IFNβ–Z22,w5000_expanded,dsRNAscan,dsrnascan_two_arm_match,5.0,8.0,5.0,3.0,0.6,0.43333333333333335
GSE244103__w1000_standardized,GSE244103 DHX9–J2,w1000_standardized,ADPS,score_integrated_adps,1.0,243.0,134.0,109.0,0.655102567716924,0.591743119266055
GSE244103__w1000_standardized,GSE244103 DHX9–J2,w1000_standardized,ADPS,score_integrated_adps,2.0,244.0,134.0,110.0,0.6721121807071707,0.594776119402985
GSE244103__w1000_standardized,GSE244103 DHX9–J2,w1000_standardized,ADPS,score_integrated_adps,3.0,243.0,117.0,126.0,0.6668343886767544,0.6690408357075023
GSE244103__w1000_standardized,GSE244103 DHX9–J2,w1000_standardized,ADPS,score_integrated_adps,4.0,244.0,122.0,122.0,0.6104847298334057,0.6013168503090567
GSE244103__w1000_standardized,GSE244103 DHX9–J2,w1000_standardized,ADPS,score_integrated_adps,5.0,243.0,135.0,108.0,0.6998854261158818,0.6360768175582991
GSE244103__w1000_standardized,GSE244103 DHX9–J2,w1000_standardized,Supervised,supervised_score,1.0,243.0,134.0,109.0,0.708250492426204,0.685882514035328
GSE244103__w1000_standardized,GSE244103 DHX9–J2,w1000_standardized,Supervised,supervised_score,2.0,244.0,134.0,110.0,0.711545995440469,0.7050881953867029
GSE244103__w1000_standardized,GSE244103 DHX9–J2,w1000_standardized,Supervised,supervised_score,3.0,243.0,117.0,126.0,0.7243468513442759,0.757292090625424
GSE244103__w1000_standardized,GSE244103 DHX9–J2,w1000_standardized,Supervised,supervised_score,4.0,244.0,122.0,122.0,0.637212573542313,0.6446519752754635
GSE244103__w1000_standardized,GSE244103 DHX9–J2,w1000_standardized,Supervised,supervised_score,5.0,243.0,135.0,108.0,0.711959296018339,0.6724279835390946
GSE244103__w1000_standardized,GSE244103 DHX9–J2,w1000_standardized,EER,eer_delta_arm_count,1.0,243.0,134.0,109.0,0.6263763770990484,0.5799671367930986
GSE244103__w1000_standardized,GSE244103 DHX9–J2,w1000_standardized,EER,eer_delta_arm_count,2.0,244.0,134.0,110.0,0.6457881756116489,0.6245590230664857
GSE244103__w1000_standardized,GSE244103 DHX9–J2,w1000_standardized,EER,eer_delta_arm_count,3.0,243.0,117.0,126.0,0.5417121933147574,0.5818749152082485
GSE244103__w1000_standardized,GSE244103 DHX9–J2,w1000_standardized,EER,eer_delta_arm_count,4.0,244.0,122.0,122.0,0.5155118522724697,0.5056436441816716
GSE244103__w1000_standardized,GSE244103 DHX9–J2,w1000_standardized,EER,eer_delta_arm_count,5.0,243.0,135.0,108.0,0.6370126222877139,0.5992112482853222
GSE244103__w1000_standardized,GSE244103 DHX9–J2,w1000_standardized,dsRNAscan,dsrnascan_two_arm_match,1.0,243.0,134.0,109.0,0.6228746231269846,0.607729700123237
GSE244103__w1000_standardized,GSE244103 DHX9–J2,w1000_standardized,dsRNAscan,dsrnascan_two_arm_match,2.0,244.0,134.0,110.0,0.6523275018350869,0.644504748982361
GSE244103__w1000_standardized,GSE244103 DHX9–J2,w1000_standardized,dsRNAscan,dsrnascan_two_arm_match,3.0,243.0,117.0,126.0,0.5427118801102541,0.5949328449328449
GSE244103__w1000_standardized,GSE244103 DHX9–J2,w1000_standardized,dsRNAscan,dsrnascan_two_arm_match,4.0,244.0,122.0,122.0,0.5769779044903778,0.610655737704918
GSE244103__w1000_standardized,GSE244103 DHX9–J2,w1000_standardized,dsRNAscan,dsrnascan_two_arm_match,5.0,243.0,135.0,108.0,0.6522807627658957,0.637962962962963
