dataset,display_dataset,analysis_variant,method,score_column,n_labeled,n_positive,n_negative,positive_prevalence,ap_mean,ap_sd,auc_mean,auc_sd
GSE308489__w1000_standardized,GSE308488/9 HSV-1–FLAG-ZBP1,w1000_standardized,ADPS,score_integrated_adps,127,75,52,0.5905511811023622,0.7217224285162145,0.1720335214504876,0.7305149964844238,0.11972545787217898
GSE308489__w1000_standardized,GSE308488/9 HSV-1–FLAG-ZBP1,w1000_standardized,Supervised,supervised_score,127,75,52,0.5905511811023622,0.7482793322529714,0.21140506459548397,0.6958413213463522,0.17112416627967755
GSE308489__w1000_standardized,GSE308488/9 HSV-1–FLAG-ZBP1,w1000_standardized,EER,eer_delta_arm_count,127,75,52,0.5905511811023622,0.6009039945262855,0.20728350263219317,0.5219780219780219,0.03227291242986464
GSE308489__w1000_standardized,GSE308488/9 HSV-1–FLAG-ZBP1,w1000_standardized,dsRNAscan,dsrnascan_two_arm_match,127,75,52,0.5905511811023622,0.5611713295304627,0.1990830880918816,0.4731991602308939,0.037702730075500644
GSE184962_4__w5000_expanded,GSE184962/4 IFNβ–Z22,w5000_expanded,ADPS,score_integrated_adps,58,20,38,0.3448275862068966,0.37643217893217895,0.17146909487709686,0.27651515151515155,0.2928204256073892
GSE184962_4__w5000_expanded,GSE184962/4 IFNβ–Z22,w5000_expanded,Supervised,supervised_score,58,20,38,0.3448275862068966,0.9457407407407408,0.10370287698083172,0.8949999999999999,0.19961769015350875
GSE184962_4__w5000_expanded,GSE184962/4 IFNβ–Z22,w5000_expanded,EER,eer_delta_arm_count,58,20,38,0.3448275862068966,0.4014835164835164,0.2191015965261089,0.5,0.0
GSE184962_4__w5000_expanded,GSE184962/4 IFNβ–Z22,w5000_expanded,dsRNAscan,dsrnascan_two_arm_match,58,20,38,0.3448275862068966,0.39648351648351643,0.2129238210166579,0.44632575757575754,0.046656996120201674
GSE244103__w1000_standardized,GSE244103 DHX9–J2,w1000_standardized,ADPS,score_integrated_adps,1217,642,575,0.5275267050123253,0.6608838586100274,0.032619402964106765,0.6185907484487796,0.03330650545906548
GSE244103__w1000_standardized,GSE244103 DHX9–J2,w1000_standardized,Supervised,supervised_score,1217,642,575,0.5275267050123253,0.6986630417543201,0.0348944773640712,0.6930685517724026,0.042103954239645955
GSE244103__w1000_standardized,GSE244103 DHX9–J2,w1000_standardized,EER,eer_delta_arm_count,1217,642,575,0.5275267050123253,0.5932802441171277,0.06015011309695435,0.5782511935069653,0.04436121902681396
GSE244103__w1000_standardized,GSE244103 DHX9–J2,w1000_standardized,dsRNAscan,dsrnascan_two_arm_match,1217,642,575,0.5275267050123253,0.6094345344657199,0.04837764810870375,0.6191571989412649,0.021129582065436445
