evaluation,dataset,analysis_variant,model,n,n_positive,n_negative,prevalence,average_precision,roc_auc,delta_average_precision_vs_integrated,delta_roc_auc_vs_integrated,ap_ci_low,ap_ci_high,auc_ci_low,auc_ci_high,delta_ap_ci_low,delta_ap_ci_high,delta_auc_ci_low,delta_auc_ci_high,bootstrap_valid,source,held_out_family,selected_panel,selected_C,selected_l1_ratio
same_study_nested_grouped_cv,GSE308489__w1000_standardized,w1000_standardized,fixed_l2_raw7,127,75,52,0.5905511811023622,0.7438498947858987,0.7212820512820513,-0.0125934565059852,-0.0408974358974358,0.5576811779162546,0.902268054805304,0.5598456790123457,0.8546150824823251,-0.083225164009164,0.1034086385720134,-0.1105464039686927,0.0373281960052813,2000,same_study,,,,
same_study_nested_grouped_cv,GSE308489__w1000_standardized,w1000_standardized,nested_regularized_prespecified,127,75,52,0.5905511811023622,0.7792277118394271,0.736923076923077,0.0227843605475431,-0.0252564102564101,0.6238266469415834,0.9017593465136888,0.6171731130464481,0.8370862918747399,-0.0558905035560919,0.1340371309244261,-0.1101780791557371,0.0633452921157118,2000,same_study,,,,
same_study_fixed_baseline,GSE308489__w1000_standardized,w1000_standardized,integrated_adps,127,75,52,0.5905511811023622,0.7564433512918839,0.7621794871794871,0.0,0.0,0.5364433415393575,0.8928177992605278,0.610593772069209,0.8720920987889863,0.0,0.0,0.0,0.0,2000,same_study,,,,
same_study_nested_grouped_cv,GSE184962_4__w5000_expanded,w5000_expanded,fixed_l2_raw7,58,20,38,0.3448275862068966,0.916877521813218,0.9447368421052632,0.6341598672663277,0.5776315789473684,0.8051876880013369,0.989241402473762,0.8609358016304348,0.9940478716953676,0.3680043146541008,0.7828285191498762,0.1852576754385965,0.904764884677275,2000,same_study,,,,
same_study_nested_grouped_cv,GSE184962_4__w5000_expanded,w5000_expanded,nested_regularized_prespecified,58,20,38,0.3448275862068966,0.8698842059862922,0.9144736842105264,0.587166551439402,0.5473684210526316,0.7078290580309731,0.9930184194890076,0.7942628337665406,0.9947222222222222,0.312112992853382,0.7584706116370842,0.1465863589025354,0.8889115646258502,2000,same_study,,,,
same_study_fixed_baseline,GSE184962_4__w5000_expanded,w5000_expanded,integrated_adps,58,20,38,0.3448275862068966,0.2827176545468902,0.3671052631578947,0.0,0.0,0.1596222336862985,0.5543084331320948,0.0698229306924959,0.7164155348047537,0.0,0.0,0.0,0.0,2000,same_study,,,,
same_study_nested_grouped_cv,GSE244103__w1000_standardized,w1000_standardized,fixed_l2_raw7,1217,642,575,0.5275267050123253,0.6967759368230921,0.69353921170256,0.0382760351572131,0.0751239333604227,0.6552307638914501,0.7361019758152123,0.6653395995283442,0.7215934785786325,0.0120192062651121,0.0633244671841133,0.0461114302689519,0.1023028993088815,2000,same_study,,,,
same_study_nested_grouped_cv,GSE244103__w1000_standardized,w1000_standardized,nested_regularized_prespecified,1217,642,575,0.5275267050123253,0.6916923979485816,0.692815928484356,0.0331924962827026,0.0744006501422187,0.6513738037808067,0.7331662266241753,0.6630932155423934,0.7216084498985743,0.0065981264252836,0.0609050556177527,0.0442968612695469,0.101938950322593,2000,same_study,,,,
same_study_fixed_baseline,GSE244103__w1000_standardized,w1000_standardized,integrated_adps,1217,642,575,0.5275267050123253,0.658499901665879,0.6184152783421373,0.0,0.0,0.6198016867079907,0.6966655979255238,0.5867420109649114,0.6491850656231775,0.0,0.0,0.0,0.0,2000,same_study,,,,
leave_one_study_family_out,GSE244103__w1000_standardized,w1000_standardized,loso_regularized_prespecified,1217,642,575,0.5275267050123253,0.4597395114478184,0.4023161316537992,-0.1987603902180606,-0.216099146688338,0.4271906604303924,0.4969012459570236,0.3701878656387443,0.4356837396649188,-0.2428489938052644,-0.1504748567696318,-0.2720541193265204,-0.15900669875907,2000,held_out_study,DHX9_J2,routes6,0.03,0.0
loso_target_fixed_baseline,GSE244103__w1000_standardized,w1000_standardized,integrated_adps,1217,642,575,0.5275267050123253,0.658499901665879,0.6184152783421373,0.0,0.0,0.6180119871224252,0.6981493119385007,0.5861492292793666,0.65140131382034,0.0,0.0,0.0,0.0,2000,held_out_study,DHX9_J2,,,
leave_one_study_family_out,GSE308489__w1000_standardized,w1000_standardized,loso_regularized_prespecified,127,75,52,0.5905511811023622,0.4665041040098341,0.2943589743589744,-0.2899392472820497,-0.4678205128205127,0.2892213454406749,0.6625952127739444,0.1780112325764499,0.4202950312266346,-0.4262695673534052,-0.119593065581264,-0.6624712502208433,-0.2396381010739312,2000,held_out_study,HSV1_FLAG_ZBP1,raw7,3.0,0.0
loso_target_fixed_baseline,GSE308489__w1000_standardized,w1000_standardized,integrated_adps,127,75,52,0.5905511811023622,0.7564433512918839,0.7621794871794871,0.0,0.0,0.5425359037122091,0.8966051087138389,0.6093270975317235,0.8713421283577534,0.0,0.0,0.0,0.0,2000,held_out_study,HSV1_FLAG_ZBP1,,,
leave_one_study_family_out,GSE184962_4__w1000_standardized,w1000_standardized,loso_regularized_prespecified,8,5,3,0.625,0.4692857142857142,0.0,-0.1128571428571428,0.0,0.2,0.7757936507936508,0.0,0.0,-0.1300396825396825,0.0076190476190476,0.0,0.0,1823,held_out_study,IFNb_Z22,raw7,0.03,0.0
loso_target_fixed_baseline,GSE184962_4__w1000_standardized,w1000_standardized,integrated_adps,8,5,3,0.625,0.5821428571428571,0.0,0.0,0.0,0.2416666666666666,0.8571428571428571,0.0,0.0,0.0,0.0,0.0,0.0,1785,held_out_study,IFNb_Z22,,,
leave_one_study_family_out,GSE184962_4__w5000_expanded,w5000_expanded,loso_regularized_prespecified,58,20,38,0.3448275862068966,0.2194405036647249,0.1276315789473684,-0.0632771508821652,-0.2394736842105263,0.1243484259567615,0.4412553065471575,0.0283652196293754,0.2800141570141569,-0.2027846647844524,-0.001978065900257,-0.5060395537525355,-4.12864187282499e-17,2000,held_out_study,IFNb_Z22,raw7,0.03,0.0
loso_target_fixed_baseline,GSE184962_4__w5000_expanded,w5000_expanded,integrated_adps,58,20,38,0.3448275862068966,0.2827176545468902,0.3671052631578947,0.0,0.0,0.1551842445590141,0.5746798299888486,0.0669176319176318,0.7086946084218805,0.0,0.0,0.0,0.0,2000,held_out_study,IFNb_Z22,,,
