pair_id	primary_reads_A	primary_reads_B	unique_reads_A	unique_reads_B	unique_fraction_A	unique_fraction_B	high_mapping_confidence	label	ADPS
B1F1_chr19_29021370_29021474_+__MIR_chr19_29025314_29025400_-	3579.0	4210.0	3579.0	4209.0	1.0	0.9997624703087886	True		0.2059437375543747
B1F2_chr15_100480464_100480586_+__ID_B1_chr15_100478347_100478407_-	344.0	673.0	342.0	673.0	0.9941860465116279	1.0	True		0.088670031720709
B1F_chr2_31676107_31676237_-__PB1D10_chr2_31678348_31678455_-	1212.0	1410.0	1212.0	1409.0	1.0	0.999290780141844	True	0.0	0.7055863613816448
B1F_chr7_45718326_45718455_-__PB1D10_chr7_45717017_45717122_+	27063.0	983.0	26936.0	981.0	0.9953072460555001	0.9979654120040692	True	0.0	0.6173451810682116
B1_Mur2_chr10_127069036_127069123_+__B1_Mur4_chr10_127065281_127065379_-	3838.0	14685.0	3835.0	14676.0	0.9992183428869202	0.9993871297242084	True	0.0	0.7933872542502747
B1_Mur2_chr10_127069036_127069123_+__B2_Mm2_chr10_127065717_127065901_-	3838.0	14453.0	3835.0	14444.0	0.9992183428869202	0.9993772919117139	True	0.0	0.8321639984961609
B1_Mur2_chr10_127069036_127069123_+__ID4_chr10_127065431_127065520_-	3838.0	14658.0	3835.0	14649.0	0.9992183428869202	0.9993860008186656	True	0.0	0.7932500217999464
B1_Mur2_chr5_97093985_97094124_+__ID4_chr5_97091353_97091434_-	652.0	461.0	642.0	455.0	0.9846625766871165	0.9869848156182213	True		0.5291554629236516
B1_Mur2_chr8_83664650_83664798_-__RLTR25B_chr8_83667405_83667426_+	1681.0	433.0	1681.0	433.0	1.0	1.0	True		0.3530219014413695
B1_Mur2_chr8_83664650_83664798_-__RLTR25B_chr8_83667542_83667558_+	1681.0	437.0	1681.0	437.0	1.0	1.0	True		0.352604486071621
B1_Mur3_chr10_128800517_128800664_+__B1_Mur2_chr10_128799335_128799486_-	2286.0	847.0	2282.0	842.0	0.9982502187226596	0.9940968122786304	True		0.4415947268430961
B1_Mur3_chr9_21594739_21594841_-__L3_chr9_21591897_21591974_+	2099.0	697.0	2095.0	694.0	0.9980943306336351	0.9956958393113343	True		0.5284407105781918
B1_Mur4_chr10_127065281_127065379_-__B1_Mus1_chr10_127067812_127067954_+	14685.0	9307.0	14676.0	9300.0	0.9993871297242084	0.9992478779413345	True	0.0	0.6176653901189776
B1_Mur4_chr10_127065281_127065379_-__ID4__chr10_127067521_127067583_+	14685.0	7627.0	14676.0	7603.0	0.9993871297242084	0.9968532843844238	True	0.0	0.61737377116203
B1_Mur4_chr10_127065281_127065379_-__ID_B1_chr10_127068000_127068100_+	14685.0	8670.0	14676.0	8665.0	0.9993871297242084	0.9994232987312572	True	0.0	0.6171736405053012
B1_Mur4_chr13_54584969_54585120_+__PB1D7_chr13_54582220_54582333_-	5267.0	1033.0	5267.0	1033.0	1.0	1.0	True	0.0	0.6176596721002139
B1_Mur4_chr14_57806904_57807020_+__B1_Mus1_chr14_57804252_57804406_-	969.0	386.0	969.0	386.0	1.0	1.0	True		0.1773743715540002
B1_Mur4_chr14_57806904_57807020_+__B1_Mus2_chr14_57802545_57802642_-	969.0	1218.0	969.0	1211.0	1.0	0.9942528735632183	True		0.1774029616478186
B1_Mur4_chr14_57806904_57807020_+__RSINE1_chr14_57803709_57803834_-	969.0	378.0	969.0	378.0	1.0	1.0	True		0.176791133640105
B1_Mur4_chr9_21595618_21595661_-__L3_chr9_21591897_21591974_+	1026.0	697.0	1023.0	694.0	0.9970760233918129	0.9956958393113343	True		0.529218361130052
B1_Mus1_chr14_52293331_52293479_-__B1_Mm_chr14_52295330_52295460_-	2772.0	1071.0	2767.0	1066.0	0.9981962481962482	0.9953314659197012	True		0.1670926590645607
B1_Mus1_chr14_52293331_52293479_-__B1_Mus2_chr14_52295175_52295293_-	2772.0	1143.0	2767.0	1133.0	0.9981962481962482	0.9912510936132983	True		0.1669382725579413
B1_Mus1_chr14_52293331_52293479_-__PB1D11_chr14_52295613_52295678_-	2772.0	1029.0	2767.0	1024.0	0.9981962481962482	0.9951409135082604	True		0.166606627469648
B1_Mus1_chr1_52160225_52160369_-__B1_Mus2_chr1_52164826_52164972_+	1845.0	238.0	1843.0	238.0	0.9989159891598915	1.0	True		0.1774544238166917
B1_Mus1_chr3_19224128_19224272_+__MTC_chr3_19219783_19220172_-	281.0	4911.0	280.0	4910.0	0.99644128113879	0.9997963754836082	True		0.000657572157823
B1_Mus1_chr9_53400399_53400546_-__ORR1E_chr9_53400826_53400887_-	972.0	1282.0	972.0	1282.0	1.0	1.0	True		0.4406226636532707
B1_Mus2_chr11_20225867_20226013_-__B1_Mur4_chr11_20228228_20228365_+	3339.0	1104.0	3334.0	1099.0	0.998502545672357	0.9954710144927537	True		0.0893733480286415
B1_Mus2_chr11_20225867_20226013_-__ID_B1_chr11_20228166_20228228_+	3339.0	838.0	3334.0	836.0	0.998502545672357	0.9976133651551312	True		0.0885728254017265
B1_Mus2_chr4_116702950_116703097_+__B1_Mus1_chr4_116699869_116700005_-	277.0	1029.0	272.0	1016.0	0.9819494584837545	0.9873663751214772	True	0.0	0.0013265803531734
B1_Mus2_chr4_116702950_116703097_+__B3_chr4_116699668_116699749_-	277.0	1063.0	272.0	693.0	0.9819494584837545	0.651928504233302	False	0.0	0.0010807055463352
B1_Mus2_chr4_116702950_116703097_+__MTD_chr4_116700206_116700321_-	277.0	288.0	272.0	285.0	0.9819494584837545	0.9895833333333334	True	0.0	0.0005660838576041
B1_Mus2_chr4_141815292_141815414_-__MER20_chr4_141813956_141814142_-	167.0	354.0	164.0	352.0	0.9820359281437125	0.9943502824858758	True		0.3530676455914789
B1_Mus2_chr4_46505136_46505282_+__B1_Mur1_chr4_46503485_46503628_-	226.0	474.0	226.0	446.0	1.0	0.9409282700421941	True	0.0	0.5296357764998005
B2_Mm2_chr10_127065717_127065901_-__B1_Mus1_chr10_127067812_127067954_+	14453.0	9307.0	14444.0	9300.0	0.9993772919117139	0.9992478779413345	True	0.0	0.6559561027699512
B2_Mm2_chr10_127065717_127065901_-__ID4__chr10_127067521_127067583_+	14453.0	7627.0	14444.0	7603.0	0.9993772919117139	0.9968532843844238	True	0.0	0.6566422650215926
B2_Mm2_chr10_127065717_127065901_-__ID_B1_chr10_127068000_127068100_+	14453.0	8670.0	14444.0	8665.0	0.9993772919117139	0.9994232987312572	True	0.0	0.656207695595553
B3A_chr8_25721865_25722027_-__B1_Mus2_chr8_25726426_25726573_+	798.0	742.0	798.0	736.0	1.0	0.9919137466307277	True		0.2552995312654118
B3_chr11_69782726_69782912_-__B1F_chr11_69784288_69784435_+	176.0	464.0	176.0	464.0	1.0	1.0	True		0.0006289820640046
B3_chr4_116699668_116699749_-__URR1B_chr4_116702730_116702915_+	1063.0	293.0	693.0	290.0	0.651928504233302	0.9897610921501706	False	0.0	0.0007147523454598
B4A_chr8_25723009_25723150_-__B1_Mus2_chr8_25726426_25726573_+	1318.0	742.0	1316.0	736.0	0.9984825493171472	0.9919137466307277	True		0.1673842780215083
B4_chr7_83641927_83642098_-__MLT1G_chr7_83643213_83643397_+	966.0	431.0	965.0	424.0	0.9989648033126294	0.9837587006960556	True		0.2647464130153543
B4_chr7_83642192_83642267_-__MLT1G_chr7_83643213_83643397_+	541.0	431.0	541.0	424.0	1.0	0.9837587006960556	True		0.2649351076345556
BGLII_B2_chr17_23822504_23822673_-__B1_Mus2_chr17_23826567_23826701_+	1476.0	34471.0	1472.0	34460.0	0.997289972899729	0.9996808911838937	True		0.6560361550326427
ID4__chr9_21595009_21595065_-__L3_chr9_21591897_21591974_+	1132.0	697.0	1129.0	694.0	0.9973498233215548	0.9956958393113343	True		0.3523986373961285
ID4_chr10_127065431_127065520_-__B1_Mus1_chr10_127067812_127067954_+	14658.0	9307.0	14649.0	9300.0	0.9993860008186656	0.9992478779413345	True	0.0	0.6172594107867564
ID4_chr10_127065431_127065520_-__ID4__chr10_127067521_127067583_+	14658.0	7627.0	14649.0	7603.0	0.9993860008186656	0.9968532843844238	True	0.0	0.6173280270119206
ID4_chr10_127065431_127065520_-__ID_B1_chr10_127068000_127068100_+	14658.0	8670.0	14649.0	8665.0	0.9993860008186656	0.9994232987312572	True	0.0	0.6173680531432664
ID4_chr10_128800726_128800813_+__B1_Mur2_chr10_128799335_128799486_-	1393.0	847.0	1390.0	842.0	0.9978463747307968	0.9940968122786304	True		0.4407370240285443
ID_B1_chr11_20226165_20226260_-__B1_Mur4_chr11_20228228_20228365_+	2780.0	1104.0	2772.0	1099.0	0.9971223021582734	0.9954710144927537	True		0.0891903714282038
ID_B1_chr11_20226165_20226260_-__ID_B1_chr11_20228166_20228228_+	2780.0	838.0	2772.0	836.0	0.9971223021582734	0.9976133651551312	True		0.0884699010639803
ID_B1_chr14_52292197_52292322_-__B1_Mm_chr14_52295330_52295460_-	1650.0	1071.0	1645.0	1066.0	0.996969696969697	0.9953314659197012	True		0.3430260898901139
ID_B1_chr14_52292197_52292322_-__B1_Mus2_chr14_52295175_52295293_-	1650.0	1143.0	1645.0	1133.0	0.996969696969697	0.9912510936132983	True		0.3433005547907705
ID_B1_chr14_52292197_52292322_-__PB1D11_chr14_52295613_52295678_-	1650.0	1029.0	1645.0	1024.0	0.996969696969697	0.9951409135082604	True		0.3426258285766564
ID_B1_chr15_84945633_84945844_+__RLTR25A_chr15_84941252_84941363_-	1545.0	517.0	1545.0	517.0	1.0	1.0	True		0.0008805748896065
ID_B1_chr17_56172421_56172556_-__B3_chr17_56175972_56176103_+	581.0	401.0	580.0	398.0	0.9982788296041308	0.9925187032418953	True	0.0	0.0006175460264772
ID_B1_chr2_131297440_131297583_-__B1_Mus2_chr2_131300132_131300258_+	722.0	585.0	722.0	585.0	1.0	1.0	True		0.3534450348298817
ID_B1_chr9_21594864_21595059_-__L3_chr9_21591897_21591974_+	2222.0	697.0	2219.0	694.0	0.9986498649864987	0.9956958393113343	True		0.3525816139965663
L2_chr2_31673584_31673682_-__PB1D10_chr2_31678348_31678455_-	2822.0	1410.0	2820.0	1409.0	0.9992912827781715	0.999290780141844	True	0.0	0.8322440507588524
L2_chr2_31673884_31674326_-__PB1D10_chr2_31678348_31678455_-	3557.0	1410.0	3555.0	1409.0	0.9994377284228282	0.999290780141844	True	0.0	0.8323698471716533
L2a_chr17_86998394_86998492_-__L3b_chr17_86997117_86997170_-	3642.0	2275.0	3629.0	2274.0	0.9964305326743548	0.9995604395604396	True	1.0	0.0885327992703808
L2a_chr8_71624132_71624209_-__L2b_chr8_71624418_71624459_-	2324.0	1841.0	2311.0	1836.0	0.9944061962134251	0.9972840847365562	True		0.0005660838576041
L2b_chr10_81361019_81361113_-__PB1D10_chr10_81364407_81364512_-	343.0	456.0	340.0	454.0	0.9912536443148688	0.9956140350877193	True		0.0791430977080751
L2b_chr8_71624418_71624459_-__MIRb_chr8_71623911_71623955_-	1841.0	2388.0	1836.0	2383.0	0.9972840847365562	0.9979061976549414	True		0.000640418101532
L2b_chr8_71624418_71624459_-__PB1D10_chr8_71619539_71619657_-	1841.0	810.0	1836.0	802.0	0.9972840847365562	0.9901234567901235	True	0.0	0.0889044704900199
L2c_chr8_71624205_71624263_-__L2b_chr8_71624418_71624459_-	1861.0	1841.0	1848.0	1836.0	0.9930145083288554	0.9972840847365562	True		0.0005775198951315
Lx3A_chr2_150326228_150326982_+__L1Md_F2_chr2_150327239_150328187_-	1206.0	812.0	1187.0	791.0	0.9842454394693201	0.9741379310344828	True		0.3528732329535138
Lx3A_chr2_150326228_150326982_+__Lx5_chr2_150328190_150329645_-	1206.0	475.0	1187.0	431.0	0.9842454394693201	0.9073684210526316	True		0.3528675149347502
MER102b_chr7_25229059_25229254_-__MIR_chr7_25226637_25226710_-	2098.0	288.0	2098.0	287.0	1.0	0.9965277777777778	True		0.3530676455914789
MER33_chr8_83086042_83086345_-__B2_Mm2_chr8_83087778_83087941_-	377.0	262.0	376.0	261.0	0.9973474801061007	0.9961832061068703	True		0.3523643292835465
MIR_chr14_55898597_55898796_+__L3_chr14_55896314_55896464_-	1528.0	1054.0	1509.0	1054.0	0.987565445026178	1.0	True		0.2646148985837896
MIR_chr19_29025314_29025400_-__B1_Mur2_chr19_29021478_29021606_+	4210.0	3813.0	4209.0	3813.0	0.9997624703087886	1.0	True		0.2060352258545936
MIRb_chr6_86527780_86527942_-__LFSINE_Vert_chr6_86525256_86525286_+	549.0	4849.0	535.0	4848.0	0.9744990892531876	0.9997937719117344	True	0.0	0.6166304287227518
MIRc_chr9_21589075_21589153_-__L3_chr9_21591897_21591974_+	3999.0	697.0	3995.0	694.0	0.9989997499374844	0.9956958393113343	True	0.0	0.5291726169799426
MLTR14_chr3_32578176_32578249_-__MLTR11A_chr3_32583027_32583400_+	302.0	512.0	295.0	512.0	0.9768211920529801	1.0	True		0.0888987524712562
MT2B2_chr10_82955392_82955521_+__LTR102_Mam_chr10_82954973_82955050_-	44.0	638.0	33.0	632.0	0.75	0.9905956112852664	False	0.0	0.4408170762912358
MTC_chr17_36003426_36003834_-__ORR1A1-int_chr17_36005365_36006132_-	731.0	1684.0	713.0	1664.0	0.9753761969904241	0.9881235154394299	True	1.0	0.352604486071621
MTC_chr17_36003426_36003834_-__RMER19B_chr17_36006203_36006415_-	731.0	989.0	713.0	971.0	0.9753761969904241	0.9817997977755308	True	1.0	0.3527417185219493
MTC_chr17_36003426_36003834_-__RMER19B_chr17_36006607_36006659_-	731.0	472.0	713.0	452.0	0.9753761969904241	0.9576271186440678	True	1.0	0.3526673842780214
MTD_chr15_90236983_90237284_+__ID_B1_chr15_90232384_90232569_-	221.0	2796.0	220.0	2796.0	0.995475113122172	1.0	True	1.0	0.3526559482404941
MTD_chr15_90236983_90237284_+__MIR_chr15_90232854_90232957_-	221.0	2430.0	220.0	2430.0	0.995475113122172	1.0	True	1.0	0.3525187157901658
MamRep605_chr3_19225024_19225113_+__MTC_chr3_19219783_19220172_-	390.0	4911.0	389.0	4910.0	0.9974358974358974	0.9997963754836082	True		0.0004860315949126
ORR1A1-int_chr17_36004833_36005218_-__ORR1A1-int_chr17_36005365_36006132_-	1041.0	1684.0	1017.0	1664.0	0.9769452449567724	0.9881235154394299	True	1.0	0.4404682771466514
ORR1A1-int_chr17_36004833_36005218_-__RMER19B_chr17_36006203_36006415_-	1041.0	989.0	1017.0	971.0	0.9769452449567724	0.9817997977755308	True	1.0	0.4406398177095617
ORR1A1-int_chr17_36004833_36005218_-__RMER19B_chr17_36006607_36006659_-	1041.0	472.0	1017.0	452.0	0.9769452449567724	0.9576271186440678	True	1.0	0.35247868965882
ORR1A3_chr13_74692928_74693248_+__ORR1F_chr13_74691867_74692082_-	1374.0	262.0	1370.0	262.0	0.9970887918486172	1.0	True	1.0	0.088509927195326
PB1D10_chr15_100478585_100478688_-__B1F2_chr15_100480464_100480586_+	1004.0	344.0	1000.0	342.0	0.9960159362549801	0.9941860465116279	True	0.0	0.1768025696776323
PB1D10_chr19_29021767_29021841_+__MIR_chr19_29025314_29025400_-	3189.0	4210.0	3189.0	4209.0	1.0	0.9997624703087886	True		0.206063815948412
PB1D10_chr5_110259304_110259412_+__RSINE1_chr5_110256335_110256433_-	4599.0	300.0	4597.0	300.0	0.9995651228527941	1.0	True	0.0	0.3526445122029667
PB1D11_chr6_120889675_120889748_-__RSINE1_chr6_120891949_120892096_-	185.0	271.0	185.0	271.0	1.0	1.0	True	1.0	0.0008519847957881
PB1D7_chr8_110973097_110973202_-__PB1D9_chr8_110974552_110974662_+	166.0	380.0	166.0	378.0	1.0	0.9947368421052631	True		0.3532506221919166
PB1D9_chr4_116703277_116703374_+__B1_Mus1_chr4_116699869_116700005_-	240.0	1029.0	237.0	1016.0	0.9875	0.9873663751214772	True	0.0	0.0012408100717182
PB1D9_chr4_116703277_116703374_+__B3_chr4_116699668_116699749_-	240.0	1063.0	237.0	693.0	0.9875	0.651928504233302	False	0.0	0.0011150136589173
PB1D9_chr4_116703277_116703374_+__MTD_chr4_116700206_116700321_-	240.0	288.0	237.0	285.0	0.9875	0.9895833333333334	True	0.0	0.0004002613134575
PB1_chr15_100478192_100478308_-__B1F2_chr15_100480464_100480586_+	776.0	344.0	776.0	342.0	1.0	0.9941860465116279	True		0.2653525230043042
RLTR18_chr11_78259893_78259965_+__B3_chr11_78264065_78264287_-	473.0	3902.0	467.0	3899.0	0.9873150105708245	0.9992311635058944	True		0.4405368933718155
RLTR31D_MM_chr19_29610063_29610128_+__PB1D11_chr19_29606208_29606320_-	137.0	787.0	135.0	787.0	0.9854014598540146	1.0	True		0.0885499533266718
RLTR9A3_chr17_36004261_36004384_-__ORR1A1-int_chr17_36005365_36006132_-	492.0	1684.0	466.0	1664.0	0.9471544715447154	0.9881235154394299	True	1.0	0.3529475671974417
RLTR9A3_chr17_36004261_36004384_-__RMER19B_chr17_36006203_36006415_-	492.0	989.0	466.0	971.0	0.9471544715447154	0.9817997977755308	True	1.0	0.353101953704061
RLTR9A3_chr17_36004261_36004384_-__RMER19B_chr17_36006607_36006659_-	492.0	472.0	466.0	452.0	0.9471544715447154	0.9576271186440678	True	1.0	0.3528675149347502
RLTR9A3_chr17_36004537_36004657_-__ORR1A1-int_chr17_36005365_36006132_-	591.0	1684.0	573.0	1664.0	0.9695431472081218	0.9881235154394299	True	1.0	0.35247868965882
RLTR9A3_chr17_36004537_36004657_-__RMER19B_chr17_36006607_36006659_-	591.0	472.0	573.0	452.0	0.9695431472081218	0.9576271186440678	True	1.0	0.3528217707846408
RMER19B_chr17_36006203_36006415_-__RLTR9A3_chr17_36004537_36004657_-	989.0	591.0	971.0	573.0	0.9817997977755308	0.9695431472081218	True	1.0	0.4407884861974174
RMER1C_chr17_36001541_36001829_-__ORR1A1-int_chr17_36005365_36006132_-	575.0	1684.0	557.0	1664.0	0.9686956521739131	0.9881235154394299	True	1.0	0.3523700473023101
RMER1C_chr17_36001541_36001829_-__RMER19B_chr17_36006203_36006415_-	575.0	989.0	557.0	971.0	0.9686956521739131	0.9817997977755308	True	1.0	0.4405940735594523
RMER1C_chr17_36001541_36001829_-__RMER19B_chr17_36006607_36006659_-	575.0	472.0	557.0	452.0	0.9686956521739131	0.9576271186440678	True	1.0	0.3523986373961285
RMER5_chr3_65958801_65958921_+__B1_Mm_chr3_65958921_65959068_-	308.0	366.0	302.0	360.0	0.9805194805194806	0.9836065573770492	True	0.0	0.783251351239309
RMER5_chr3_65958801_65958921_+__ORR1F_chr3_65959577_65959724_-	308.0	156.0	302.0	156.0	0.9805194805194806	1.0	True	0.0	0.7832970953894184
RSINE1_chr16_44736611_44736715_-__B1_Mus2_chr16_44739483_44739624_-	1259.0	1056.0	1259.0	1054.0	1.0	0.9981060606060606	True		0.5291554629236516
RSINE1_chr16_44736611_44736715_-__ORR1A3_chr16_44736715_44736977_-	1259.0	2100.0	1259.0	2100.0	1.0	1.0	True		0.352959003234969
RSINE1_chr16_44736611_44736715_-__RSINE1_chr16_44736977_44737042_-	1259.0	916.0	1259.0	916.0	1.0	1.0	True		0.1769741102405427
RSINE1_chr6_120891949_120892096_-__MER20_chr6_120887629_120887806_-	271.0	2151.0	271.0	2151.0	1.0	1.0	True		0.0007948046081513
RSINE1_chr8_72218964_72219121_+__B1_Mur2_chr8_72223479_72223609_-	340.0	676.0	327.0	668.0	0.961764705882353	0.9881656804733728	True		0.0787942985634907
RSINE1_chr8_72218964_72219121_+__B3A_chr8_72224098_72224234_-	340.0	548.0	327.0	548.0	0.961764705882353	1.0	True	0.0	0.0791430977080751
RSINE1_chr8_72218964_72219121_+__PB1D9_chr8_72224019_72224093_-	340.0	373.0	327.0	373.0	0.961764705882353	1.0	True	0.0	0.0788800688449459
RSINE1_chr8_72218964_72219121_+__RSINE1_chr8_72223104_72223161_-	340.0	2892.0	327.0	2891.0	0.961764705882353	0.9996542185338866	True		0.2548134996704991
URR1B_chr4_116702730_116702915_+__B1_Mus1_chr4_116699869_116700005_-	293.0	1029.0	290.0	1016.0	0.9897610921501706	0.9873663751214772	True	0.0	0.0002916189569476
URR1B_chr4_116702730_116702915_+__MTD_chr4_116700206_116700321_-	293.0	288.0	290.0	285.0	0.9897610921501706	0.9895833333333334	True	0.0	0.0002458748068381
