pair_id	adaptive_priority_score	rank_score	priority_tier	orientation_adps	annotation_adps	case_expression_adps	energy_adps	interface_adps	case_editing_adps	RI_adps
SMOKE_01	0.782051282051	0.782051282051	tier1_strict_high	1	1	1	0.0833333333333	0.0833333333333	0.5	0.666666666667
SMOKE_02	0.782051282051	0.782051282051	tier1_strict_high	1	1	1	0.166666666667	0.166666666667	0.5	0.666666666667
SMOKE_06	0.782051282051	0.782051282051	tier1_strict_high	1	1	1	0.5	0.5	0.5	0.666666666667
SMOKE_03	0.692307692308	0.692307692308	tier3_relaxed	1	1	1	0.25	0.25	1	0
SMOKE_04	0.666666666667	0.666666666667	not_prioritized	1	1	1	0.333333333333	0.333333333333	0	0.666666666667
SMOKE_05	0.576923076923	0.576923076923	tier3_relaxed	1	1	1	0.416666666667	0.416666666667	0.5	0
SMOKE_07	0.461538461538	0.461538461538	not_prioritized	1	1	1	0.583333333333	0.583333333333	0	0
SMOKE_08	0.230769230769	0.230769230769	not_prioritized	1	1	0.5	0.666666666667	0.666666666667	0	0
SMOKE_09	0.230769230769	0.230769230769	not_prioritized	1	1	0.5	0.75	0.75	0	0
SMOKE_10	0	0	not_prioritized	0.5	1	0	0.833333333333	0.833333333333	0	0
SMOKE_11	0	0	not_prioritized	0	1	0	0.916666666667	0.916666666667	0	0
SMOKE_12	0	0	not_prioritized	1	1	0	1	1	0	0
