condition	sample_name	GSM
FPC_Mild	RNA-seq_IP_FPC_Mild_6825	GSM4964617
FPC_Mild	RNA-seq_IP_FPC_Mild_6886	GSM4964618
FPC_Mild	RNA-seq_IP_FPC_Mild_6887	GSM4964619
FPC_Mild	RNA-seq_IP_FPC_Mild_6888	GSM4964620
FPC_Advanced	RNA-seq_IP_FPC_Advanced_6826	GSM4964621
FPC_Advanced	RNA-seq_IP_FPC_Advanced_6880	GSM4964622
FPC_Advanced	RNA-seq_IP_FPC_Advanced_6904	GSM4964623
FPC_Control	RNA-seq_IP_FPC_Control_6816	GSM4964624
FPC_Control	RNA-seq_IP_FPC_Control_6852	GSM4964625
FPC_Control	RNA-seq_IP_FPC_Control_6952	GSM4964626
FPC_Control	RNA-seq_IP_FPC_Control_6953	GSM4964627
