n_scored,k,expected_precision_at_k,lower_bound_precision_at_k,upper_bound_precision_at_k,cutoff_score,n_strictly_above,positives_strictly_above,tie_group_size,tie_group_positives,tie_slots,tie_fraction_used,dataset_id,analysis_variant,method,score_column,n_positive,n_negative
127,10,0.7692307692307693,0.0,1.0,0.875,0.0,0.0,52.0,40.0,10.0,0.1923076923076923,GSE308489,w1000_standardized,dsRNASeeker_ADPS,ADPS,75,52
127,20,0.7692307692307693,0.4,1.0,0.875,0.0,0.0,52.0,40.0,20.0,0.3846153846153846,GSE308489,w1000_standardized,dsRNASeeker_ADPS,ADPS,75,52
127,10,0.6888888888888889,0.6,0.8,1.0,3.0,3.0,9.0,5.0,7.0,0.7777777777777778,GSE308489,w1000_standardized,EER_case_minus_control,eer_delta_arm_count,75,52
127,20,0.6330434782608696,0.4,0.8,0.0,12.0,8.0,115.0,67.0,8.0,0.0695652173913043,GSE308489,w1000_standardized,EER_case_minus_control,eer_delta_arm_count,75,52
127,10,0.4615384615384615,0.3,0.6,1.0,0.0,0.0,13.0,6.0,10.0,0.7692307692307693,GSE308489,w1000_standardized,dsRNAscan_two_arm,dsrnascan_two_arm_match,75,52
127,20,0.5118421052631579,0.3,0.65,0.0,13.0,6.0,114.0,69.0,7.0,0.0614035087719298,GSE308489,w1000_standardized,dsRNAscan_two_arm,dsrnascan_two_arm_match,75,52
127,10,0.6,0.6,0.6,0.307,9.0,6.0,1.0,0.0,1.0,1.0,GSE308489,w1000_standardized,dsRNAscan_stability,dsrnascan_stability_max,75,52
127,20,0.5118421052631579,0.3,0.65,0.0,13.0,6.0,114.0,69.0,7.0,0.0614035087719298,GSE308489,w1000_standardized,dsRNAscan_stability,dsrnascan_stability_max,75,52
127,10,0.6,0.6,0.6,0.032,9.0,5.0,1.0,1.0,1.0,1.0,GSE308489,w1000_standardized,dsRNAscan_probing,dsrnascan_probing_max,75,52
127,20,0.5723684210526316,0.3,0.75,0.0,11.0,6.0,114.0,69.0,9.0,0.0789473684210526,GSE308489,w1000_standardized,dsRNAscan_probing,dsrnascan_probing_max,75,52
8,10,,,,,,,,,,,GSE184962_4,w1000_standardized,dsRNASeeker_ADPS,ADPS,5,3
8,20,,,,,,,,,,,GSE184962_4,w1000_standardized,dsRNASeeker_ADPS,ADPS,5,3
8,10,,,,,,,,,,,GSE184962_4,w1000_standardized,EER_case_minus_control,eer_delta_arm_count,5,3
8,20,,,,,,,,,,,GSE184962_4,w1000_standardized,EER_case_minus_control,eer_delta_arm_count,5,3
8,10,,,,,,,,,,,GSE184962_4,w1000_standardized,dsRNAscan_two_arm,dsrnascan_two_arm_match,5,3
8,20,,,,,,,,,,,GSE184962_4,w1000_standardized,dsRNAscan_two_arm,dsrnascan_two_arm_match,5,3
8,10,,,,,,,,,,,GSE184962_4,w1000_standardized,dsRNAscan_stability,dsrnascan_stability_max,5,3
8,20,,,,,,,,,,,GSE184962_4,w1000_standardized,dsRNAscan_stability,dsrnascan_stability_max,5,3
8,10,,,,,,,,,,,GSE184962_4,w1000_standardized,dsRNAscan_probing,dsrnascan_probing_max,5,3
8,20,,,,,,,,,,,GSE184962_4,w1000_standardized,dsRNAscan_probing,dsrnascan_probing_max,5,3
58,10,0.0,0.0,0.0,0.656207695595553,9.0,0.0,1.0,0.0,1.0,1.0,GSE184962_4,w5000_expanded,dsRNASeeker_ADPS,ADPS,20,38
58,20,0.0,0.0,0.0,0.6166304287227518,19.0,0.0,1.0,0.0,1.0,1.0,GSE184962_4,w5000_expanded,dsRNASeeker_ADPS,ADPS,20,38
58,10,0.3448275862068966,0.0,1.0,0.0,0.0,0.0,58.0,20.0,10.0,0.1724137931034483,GSE184962_4,w5000_expanded,EER_case_minus_control,eer_delta_arm_count,20,38
58,20,0.3448275862068966,0.0,1.0,0.0,0.0,0.0,58.0,20.0,20.0,0.3448275862068966,GSE184962_4,w5000_expanded,EER_case_minus_control,eer_delta_arm_count,20,38
58,10,0.2792452830188679,0.1,0.6,0.0,5.0,1.0,53.0,19.0,5.0,0.0943396226415094,GSE184962_4,w5000_expanded,dsRNAscan_two_arm,dsrnascan_two_arm_match,20,38
58,20,0.3188679245283018,0.05,0.8,0.0,5.0,1.0,53.0,19.0,15.0,0.2830188679245283,GSE184962_4,w5000_expanded,dsRNAscan_two_arm,dsrnascan_two_arm_match,20,38
58,10,0.2792452830188679,0.1,0.6,0.0,5.0,1.0,53.0,19.0,5.0,0.0943396226415094,GSE184962_4,w5000_expanded,dsRNAscan_stability,dsrnascan_stability_max,20,38
58,20,0.3188679245283018,0.05,0.8,0.0,5.0,1.0,53.0,19.0,15.0,0.2830188679245283,GSE184962_4,w5000_expanded,dsRNAscan_stability,dsrnascan_stability_max,20,38
58,10,0.2792452830188679,0.1,0.6,0.0,5.0,1.0,53.0,19.0,5.0,0.0943396226415094,GSE184962_4,w5000_expanded,dsRNAscan_probing,dsrnascan_probing_max,20,38
58,20,0.3188679245283018,0.05,0.8,0.0,5.0,1.0,53.0,19.0,15.0,0.2830188679245283,GSE184962_4,w5000_expanded,dsRNAscan_probing,dsrnascan_probing_max,20,38
1217,10,0.9,0.9,0.9,0.594271424304958,9.0,9.0,1.0,0.0,1.0,1.0,GSE244103,w1000_standardized,dsRNASeeker_ADPS,ADPS,642,575
1217,20,0.85,0.85,0.85,0.4992726767528401,19.0,16.0,1.0,1.0,1.0,1.0,GSE244103,w1000_standardized,dsRNASeeker_ADPS,ADPS,642,575
1217,10,0.8235294117647058,0.0,1.0,2.0,0.0,0.0,102.0,84.0,10.0,0.0980392156862745,GSE244103,w1000_standardized,EER_case_minus_control,eer_delta_arm_count,642,575
1217,20,0.8235294117647058,0.1,1.0,2.0,0.0,0.0,102.0,84.0,20.0,0.196078431372549,GSE244103,w1000_standardized,EER_case_minus_control,eer_delta_arm_count,642,575
1217,10,0.7245179063360881,0.0,1.0,1.0,0.0,0.0,363.0,263.0,10.0,0.0275482093663911,GSE244103,w1000_standardized,dsRNAscan_two_arm,dsrnascan_two_arm_match,642,575
1217,20,0.7245179063360881,0.0,1.0,1.0,0.0,0.0,363.0,263.0,20.0,0.0550964187327823,GSE244103,w1000_standardized,dsRNAscan_two_arm,dsrnascan_two_arm_match,642,575
1217,10,0.9,0.9,0.9,0.875,7.0,7.0,3.0,2.0,3.0,1.0,GSE244103,w1000_standardized,dsRNAscan_stability,dsrnascan_stability_max,642,575
1217,20,0.9,0.9,0.9,0.873,18.0,16.0,6.0,6.0,2.0,0.3333333333333333,GSE244103,w1000_standardized,dsRNAscan_stability,dsrnascan_stability_max,642,575
1217,10,0.8666666666666666,0.8,0.9,0.798,9.0,8.0,3.0,2.0,1.0,0.3333333333333333,GSE244103,w1000_standardized,dsRNAscan_probing,dsrnascan_probing_max,642,575
1217,20,0.75,0.75,0.75,0.764,18.0,14.0,2.0,1.0,2.0,1.0,GSE244103,w1000_standardized,dsRNAscan_probing,dsrnascan_probing_max,642,575
104,10,0.5,0.5,0.5,0.5867656153370437,9.0,4.0,1.0,1.0,1.0,1.0,GSE220315,frozen_august,dsRNASeeker_ADPS,ADPS,65,39
104,20,0.45,0.45,0.45,0.5452071737786024,19.0,9.0,1.0,0.0,1.0,1.0,GSE220315,frozen_august,dsRNASeeker_ADPS,ADPS,65,39
104,10,0.7591397849462365,0.3,1.0,0.0,3.0,3.0,93.0,61.0,7.0,0.075268817204301,GSE220315,frozen_august,EER_case_minus_control,eer_delta_arm_count,65,39
104,20,0.7075268817204301,0.15,1.0,0.0,3.0,3.0,93.0,61.0,17.0,0.1827956989247312,GSE220315,frozen_august,EER_case_minus_control,eer_delta_arm_count,65,39
104,10,0.8666666666666668,0.8,1.0,1.0,0.0,0.0,15.0,13.0,10.0,0.6666666666666666,GSE220315,frozen_august,dsRNAscan_two_arm,dsrnascan_two_arm_match,65,39
104,20,0.7960674157303371,0.65,0.9,0.0,15.0,13.0,89.0,52.0,5.0,0.0561797752808988,GSE220315,frozen_august,dsRNAscan_two_arm,dsrnascan_two_arm_match,65,39
104,10,0.8,0.8,0.8,0.342,9.0,8.0,1.0,0.0,1.0,1.0,GSE220315,frozen_august,dsRNAscan_stability,dsrnascan_stability_max,65,39
104,20,0.7960674157303371,0.65,0.9,0.0,15.0,13.0,89.0,52.0,5.0,0.0561797752808988,GSE220315,frozen_august,dsRNAscan_stability,dsrnascan_stability_max,65,39
104,10,0.8,0.8,0.8,0.01,9.0,7.0,1.0,1.0,1.0,1.0,GSE220315,frozen_august,dsRNAscan_probing,dsrnascan_probing_max,65,39
104,20,0.7129213483146067,0.45,0.9,0.0,11.0,9.0,89.0,52.0,9.0,0.1011235955056179,GSE220315,frozen_august,dsRNAscan_probing,dsrnascan_probing_max,65,39
683,10,0.5,0.5,0.5,0.619764291016976,9.0,4.0,1.0,1.0,1.0,1.0,GSE244104,frozen_august,dsRNASeeker_ADPS,ADPS,444,239
683,20,0.4,0.4,0.4,0.5004376499283445,19.0,8.0,1.0,0.0,1.0,1.0,GSE244104,frozen_august,dsRNASeeker_ADPS,ADPS,444,239
683,10,0.8095238095238095,0.6,1.0,2.0,0.0,0.0,21.0,17.0,10.0,0.4761904761904761,GSE244104,frozen_august,EER_case_minus_control,eer_delta_arm_count,444,239
683,20,0.8095238095238095,0.8,0.85,2.0,0.0,0.0,21.0,17.0,20.0,0.9523809523809524,GSE244104,frozen_august,EER_case_minus_control,eer_delta_arm_count,444,239
683,10,0.8021978021978022,0.0,1.0,1.0,0.0,0.0,182.0,146.0,10.0,0.0549450549450549,GSE244104,frozen_august,dsRNAscan_two_arm,dsrnascan_two_arm_match,444,239
683,20,0.8021978021978022,0.0,1.0,1.0,0.0,0.0,182.0,146.0,20.0,0.1098901098901098,GSE244104,frozen_august,dsRNAscan_two_arm,dsrnascan_two_arm_match,444,239
683,10,0.8,0.8,0.8,0.874,7.0,6.0,3.0,2.0,3.0,1.0,GSE244104,frozen_august,dsRNAscan_stability,dsrnascan_stability_max,444,239
683,20,0.75,0.7,0.8,0.87,18.0,14.0,4.0,2.0,2.0,0.5,GSE244104,frozen_august,dsRNAscan_stability,dsrnascan_stability_max,444,239
683,10,1.0,1.0,1.0,0.737,9.0,9.0,1.0,1.0,1.0,1.0,GSE244104,frozen_august,dsRNAscan_probing,dsrnascan_probing_max,444,239
683,20,0.9,0.9,0.9,0.689,18.0,17.0,2.0,1.0,2.0,1.0,GSE244104,frozen_august,dsRNAscan_probing,dsrnascan_probing_max,444,239
71,10,0.2,0.2,0.2,0.4656520562770562,9.0,2.0,1.0,0.0,1.0,1.0,GSE293278,frozen_august,dsRNASeeker_ADPS,ADPS,18,53
71,20,0.2,0.2,0.2,0.4279186958874458,19.0,4.0,1.0,0.0,1.0,1.0,GSE293278,frozen_august,dsRNASeeker_ADPS,ADPS,18,53
71,10,0.0377358490566037,0.0,0.2,0.0,0.0,0.0,53.0,2.0,10.0,0.1886792452830188,GSE293278,frozen_august,EER_case_minus_control,eer_delta_arm_count,18,53
71,20,0.0377358490566037,0.0,0.1,0.0,0.0,0.0,53.0,2.0,20.0,0.3773584905660377,GSE293278,frozen_august,EER_case_minus_control,eer_delta_arm_count,18,53
71,10,0.1611940298507462,0.0,0.6,0.0,4.0,0.0,67.0,18.0,6.0,0.0895522388059701,GSE293278,frozen_august,dsRNAscan_two_arm,dsrnascan_two_arm_match,18,53
71,20,0.2149253731343283,0.0,0.8,0.0,4.0,0.0,67.0,18.0,16.0,0.2388059701492537,GSE293278,frozen_august,dsRNAscan_two_arm,dsrnascan_two_arm_match,18,53
71,10,0.1611940298507462,0.0,0.6,0.0,4.0,0.0,67.0,18.0,6.0,0.0895522388059701,GSE293278,frozen_august,dsRNAscan_stability,dsrnascan_stability_max,18,53
71,20,0.2149253731343283,0.0,0.8,0.0,4.0,0.0,67.0,18.0,16.0,0.2388059701492537,GSE293278,frozen_august,dsRNAscan_stability,dsrnascan_stability_max,18,53
71,10,0.1611940298507462,0.0,0.6,0.0,4.0,0.0,67.0,18.0,6.0,0.0895522388059701,GSE293278,frozen_august,dsRNAscan_probing,dsrnascan_probing_max,18,53
71,20,0.2149253731343283,0.0,0.8,0.0,4.0,0.0,67.0,18.0,16.0,0.2388059701492537,GSE293278,frozen_august,dsRNAscan_probing,dsrnascan_probing_max,18,53
18,10,0.16,0.1,0.3,0.0,8.0,1.0,10.0,3.0,2.0,0.2,GSE307540,frozen_august,dsRNASeeker_ADPS,ADPS,4,14
18,20,,,,,,,,,,,GSE307540,frozen_august,dsRNASeeker_ADPS,ADPS,4,14
18,10,0.2222222222222222,0.0,0.4,0.0,0.0,0.0,18.0,4.0,10.0,0.5555555555555556,GSE307540,frozen_august,EER_case_minus_control,eer_delta_arm_count,4,14
18,20,,,,,,,,,,,GSE307540,frozen_august,EER_case_minus_control,eer_delta_arm_count,4,14
18,10,0.2,0.0,0.4,0.0,2.0,0.0,16.0,4.0,8.0,0.5,GSE307540,frozen_august,dsRNAscan_two_arm,dsrnascan_two_arm_match,4,14
18,20,,,,,,,,,,,GSE307540,frozen_august,dsRNAscan_two_arm,dsrnascan_two_arm_match,4,14
18,10,0.2,0.0,0.4,0.0,2.0,0.0,16.0,4.0,8.0,0.5,GSE307540,frozen_august,dsRNAscan_stability,dsrnascan_stability_max,4,14
18,20,,,,,,,,,,,GSE307540,frozen_august,dsRNAscan_stability,dsrnascan_stability_max,4,14
18,10,0.2,0.0,0.4,0.0,2.0,0.0,16.0,4.0,8.0,0.5,GSE307540,frozen_august,dsRNAscan_probing,dsrnascan_probing_max,4,14
18,20,,,,,,,,,,,GSE307540,frozen_august,dsRNAscan_probing,dsrnascan_probing_max,4,14
311,10,0.0,0.0,0.0,0.6437225779267768,9.0,0.0,1.0,0.0,1.0,1.0,GSE267104,prospective_primary,dsRNASeeker_ADPS,ADPS,3,308
311,20,0.05,0.05,0.05,0.351960878605516,19.0,0.0,1.0,1.0,1.0,1.0,GSE267104,prospective_primary,dsRNASeeker_ADPS,ADPS,3,308
311,10,0.0068181818181818,0.0,0.3,0.0,3.0,0.0,308.0,3.0,7.0,0.0227272727272727,GSE267104,prospective_primary,EER_case_minus_control,eer_delta_arm_count,3,308
311,20,0.0082792207792207,0.0,0.15,0.0,3.0,0.0,308.0,3.0,17.0,0.0551948051948051,GSE267104,prospective_primary,EER_case_minus_control,eer_delta_arm_count,3,308
311,10,0.0357142857142857,0.0,0.1,1.0,0.0,0.0,28.0,1.0,10.0,0.3571428571428571,GSE267104,prospective_primary,dsRNAscan_two_arm,dsrnascan_two_arm_match,3,308
311,20,0.0357142857142857,0.0,0.05,1.0,0.0,0.0,28.0,1.0,20.0,0.7142857142857143,GSE267104,prospective_primary,dsRNAscan_two_arm,dsrnascan_two_arm_match,3,308
311,10,0.1,0.1,0.1,0.177,9.0,1.0,2.0,0.0,1.0,0.5,GSE267104,prospective_primary,dsRNAscan_stability,dsrnascan_stability_max,3,308
311,20,0.05,0.05,0.05,0.002,18.0,1.0,4.0,0.0,2.0,0.5,GSE267104,prospective_primary,dsRNAscan_stability,dsrnascan_stability_max,3,308
311,10,0.1,0.1,0.1,0.558,9.0,1.0,1.0,0.0,1.0,1.0,GSE267104,prospective_primary,dsRNAscan_probing,dsrnascan_probing_max,3,308
311,20,0.05,0.05,0.05,0.267,19.0,1.0,1.0,0.0,1.0,1.0,GSE267104,prospective_primary,dsRNAscan_probing,dsrnascan_probing_max,3,308
