pathway,pval,padj,log2err,ES,NES,size,leadingEdge,dataset,case,control,candidate_leading_edge,candidate_leading_edge_n
HALLMARK_BILE_ACID_METABOLISM,1.6062463914048673e-16,8.031231957024337e-15,1.047626488498816,-0.6565738233647198,-2.7002793454777128,104,Slc27a5;Cyp27a1;Cyp8b1;Akr1d1;Gnmt;Pecr;Agxt;Paox;Idi1;Slco1a4;Cat;Pipox;Aldh8a1;Phyh;Ttr;Abca6;Rxra;Pxmp2;Sult1b1;Bbox1;Ephx2;Nr0b2;Idh1;Amacr;Hao1;Hsd3b7;Cyp7b1;Slc29a1;Dhcr24;Abcd3;Pex11g;Slc23a1;Dio1;Atxn1;Nr1h4;Acsl1;Aqp9;Bcar3;Lipe;Aldh1a1;Pex16;Aldh9a1;Optn;Sod1;Apoa1;Klf1;Gstk1;Fdxr;Mlycd;Serpina6;Gc;Nr3c2;Pfkm;Nudt12;Pex7;Cyp46a1,GSE162876_FPC_Advanced_vs_Control,FPC_Advanced,FPC_Control,Akr1d1,1
HALLMARK_XENOBIOTIC_METABOLISM,3.01452331892451e-13,7.536308297311276e-12,0.932595211336209,-0.5124281922215437,-2.275294792671311,179,Cyp1a2;Slc46a3;Cyp27a1;Hrg;Hsd11b1;Ndrg2;Tdo2;Fah;Gnmt;Kynu;Gch1;Mthfd1;Upb1;Cat;Rbp4;Slc6a12;Igfbp4;F11;Plg;Cyp2e1;Asl;Ptgds;Papss2;Aldh2;F10;Cyb5a;Dcxr;Mccc2;Cyp4f14;Akr1c6;Gabarapl1;Gckr;Ahcyl;Shmt2;Fabp1;Adh5;Pgrmc1;Hnf4a;Idh1;Hes6;Ddt;Arg1;Itih1;Cyp2j6;Mbl2;Hgfac;Cdo1;Tpst1;Leap2;Acp2;Pemt;Acsm1;Vtn;Sar1b;Enpep;Cyp26a1;Aqp9;Fetub;Acox1;Apoe;Aldh9a1;Xdh;Angptl3;Serpina6;Crp;Dhrs1,GSE162876_FPC_Advanced_vs_Control,FPC_Advanced,FPC_Control,,0
HALLMARK_E2F_TARGETS,3.044117317123498e-12,3.6858836004729796e-11,0.8986712320616942,0.5746775598027396,2.120108831062729,178,Mki67;Cenpe;Top2a;Diaph3;Lig1;Cdkn1a;Hmmr;Bub1b;Spag5;Kif4;Brca1;Racgap1;Mcm6;Dlgap5;Dnmt1;Myc;Pold3;Espl1;Mad2l1;Depdc1a;Smc4;Atad2;Ncapd2;Cdc25b;Bard1;Cit;Cdkn2c;Mcm2;Spc25;Stmn1;Nap1l1;Tubb5;Kif2c;Mcm5;Kif22;Plk4;Kif18b;E2f8;Tacc3;Aurka;Rad51ap1;Cdc25a;Pms2;Cdk1;Rrm2;Jpt1;Xpo1;Cdca3;Timeless;Plk1;Pole;Ilf3;Rfc2;Pold1;Psmc3ip;Cdca8;Tmpo;Ranbp1;Mcm3;Mms22l;Ctps1;Tcf19;Trip13;Mcm4;Ung;Mcm7;Stag1;Hmgb3;Rbbp7;Cdk4;Nop56;Rad1;Ppm1d;Pcna;Ddx39a;Wee1;Ezh2;Nolc1;Msh2;Rfc3;Slbp;Tfrc;Hells;Cbx5;Ipo7;Gins3;Donson,GSE162876_FPC_Advanced_vs_Control,FPC_Advanced,FPC_Control,,0
HALLMARK_G2M_CHECKPOINT,3.065380069047527e-12,3.6858836004729796e-11,0.8986712320616942,0.5779379846088457,2.128604985438597,175,Ccnd1;Mki67;Cenpf;Cenpe;Top2a;Knl1;Kif20b;Polq;Kif23;Tpx2;Kif15;Prc1;Incenp;Slc7a1;Hmmr;Kif4;Kmt5a;Racgap1;Mcm6;Marcks;Rbl1;Myc;Smc2;Espl1;Mad2l1;Smc4;Kif11;Cdc25b;Bard1;Troap;Cdkn2c;Nsd2;Mcm2;Stil;Stmn1;Ccna2;Rad54l;Kif2c;Mcm5;Ttk;Kif22;Plk4;Nusap1;Tacc3;Ndc80;Aurka;Nek2;Chaf1a;Cdc25a;Cdk1;Meis2;Dbf4;Jpt1;Xpo1;Prmt5;Plk1;Pole;Ilf3;Slc12a2;Tmpo;Mcm3;Odc1;Tgfb1;Ncl;Stag1;E2f3;Hmgb3;Cdk4;Cdc45;Ddx39a;E2f2;Ezh2;Nolc1;G3bp1;Notch2;Orc5;Meis1;E2f4;Tle3;Smarcc1;Hspa8;Nasp;Slc38a1;Bcl3;Hira;Fancc;Bub3;Odf2;Syncrip;Sfpq,GSE162876_FPC_Advanced_vs_Control,FPC_Advanced,FPC_Control,,0
HALLMARK_MITOTIC_SPINDLE,3.685883600472979e-12,3.6858836004729796e-11,0.8870749883998732,0.5675936225273739,2.1033984370695045,190,Dst;Arhgef2;Cenpf;Nedd9;Flna;Cenpe;Top2a;Synpo;Ccdc88a;Ezr;Abr;Myh9;Clip2;Myo9b;Kif20b;Ect2;Epb41l2;Kif23;Cep192;Ophn1;Arhgap27;Dock2;Tpx2;Kif15;Prc1;Rapgef5;Incenp;Nck2;Sptan1;Rasa2;Kif4;Anln;Trio;Mid1;Racgap1;Kif3c;Dlgap5;Marcks;Bcl2l11;Espl1;Sptbn1;Smc4;Kntc1;Kif11;Cd2ap;Nin;Arl8a;Sorbs2;Myh10;Kif2c;Cdc42bpa;Gsn;Arhgdia;Ttk;Kif22;Nusap1;Ndc80;Aurka;Kifap3;Cttn;Nek2;Cdk1;Sass6;Plekhg2;Plk1;Actn4;Arf6;Tubgcp2;Cdc42;Ralbp1;Arhgap10;Cdc42ep1;Map1s;Ywhae;Pkd2;Clasp1;Kif3b;Alms1;Dync1h1;Flnb;Arfgef1;Tiam1,GSE162876_FPC_Advanced_vs_Control,FPC_Advanced,FPC_Control,,0
HALLMARK_EPITHELIAL_MESENCHYMAL_TRANSITION,7.667392707670502e-9,6.389493923058752e-8,0.7477396631498854,0.5830244217828353,2.0710100217703333,121,Spp1;Dst;Cd44;Flna;Col6a3;Tpm1;Col3a1;Cdh6;Vcam1;Tnfaip3;Tpm4;Col1a1;Ccn2;Slit2;Col4a1;Lamc1;Tgm2;Col1a2;Serpine1;Mmp14;Thbs1;Fbln2;Gja1;Itga2;Bgn;Col16a1;Lamc2;Plod2;Pmepa1;Slc6a8;Lama2;Sparc;Fbn1;Timp3;Col5a2;Itgav;Col6a2;Rhob;Sat1;Pvr;Fstl1;Tgfbi;Nt5e;Glipr1;Lum;Col12a1;Dcn;Gadd45b;Vcan;Dab2;Col4a2;Dpysl3;Pdgfrb;Efemp2;Serpinh1;Vim;Eln;Thbs2;Mmp2;Colgalt1,GSE162876_FPC_Advanced_vs_Control,FPC_Advanced,FPC_Control,,0
HALLMARK_OXIDATIVE_PHOSPHORYLATION,2.100098904258822e-7,1.5000706458991587e-6,0.6901324587967956,-0.41374481942619157,-1.842209126138493,180,Fdx1;Acadsb;Phyh;Cyb5a;Aldh6a1;Mdh1;Acaa2;Idh1;Bckdha;Nqo2;Cyb5r3;Maob;Sdhb;Mfn2;Bdh2;Got2;Idh3g;Aifm1;Atp5f1c;Hsd17b10;Ndufs3;Idh3b;Etfa;Sdhd;Atp5pf;Echs1;Cox6c;Casp7;Slc25a3;Ndufb8;Ndufs1;Atp5mc3;Uqcrc1;Lrpprc;Sdha;Grpel1;Cs;Atp5f1b;Cox7b;Oat;Ndufa9;Slc25a11;Uqcrfs1;Slc25a12;Timm9;Atp5po;Cox6b1;Ndufs7;Mrpl15;Ndufa5;Cox5b;Mrps11;Ogdh;Uqcrc2;Atp5f1a;Ndufa6;Sucla2;Uqcr10;Rhot1;Ndufs8;Ndufs4;Uqcrb;Mrpl34;Uqcrq;Atp5f1d;Abcb7;Cox11;Ndufb3;Atp5mc1;Cox7a2l;Atp5pb;Aco2;Atp5me;Acadvl;Vdac1;Mtx2;Ndufv2;Ndufv1;Ndufa3;Acat1;Mrpl35;Atp5mf;Cox10;Pdha1;Fh1;Pdhx;Cox7c;Immt;Phb2;Fxn;Ndufs6;Sdhc;Cyc1,GSE162876_FPC_Advanced_vs_Control,FPC_Advanced,FPC_Control,,0
HALLMARK_UV_RESPONSE_DN,3.346070668110047e-6,2.0912941675687794e-5,0.6272567397185284,0.5215135487797486,1.8598187792116887,128,Plcb4;Kcnma1;Igf1r;Col3a1;Anxa2;Col1a1;Cdon;Map1b;Scn8a;Anxa4;Abcc1;Ptprm;Lamc1;Col1a2;Serpine1;Gja1;Erbb2;Cacna1a;Slc7a1;Rasa2;Efemp1;Synj2;Rbpms;Ica1;Col5a2;Myc;Id1;Inpp4b;Smad7;Schip1;Akt3;Atp2b4;Mt1;Ptpn21;Pik3cd;Vldlr;Dab2;Cdc42bpa;Pparg;Pdgfrb;Ptgfr;Atp2b1;Ltbp1;Tgfbr2,GSE162876_FPC_Advanced_vs_Control,FPC_Advanced,FPC_Control,,0
HALLMARK_MYOGENESIS,4.282487074293481e-6,2.3791594857186007e-5,0.610526878385931,0.5304510455294755,1.86606860380342,111,Dmpk;App;Col6a3;Col3a1;Itgb4;Myo1c;Myh9;Col1a1;Kifc3;Chrnb1;Smtn;Klf5;Dtna;Cdkn1a;Clu;Sptan1;Igfbp7;Hbegf;Slc6a8;Lama2;Sparc;Col6a2;Agrn;Aebp1;Schip1;Ptp4a3;Bdkrb2;Pdlim7;Mef2c;Tead4;Ncam1;Gadd45b;Crat;Gsn;Col4a2;Dapk2;Ablim1;Large1;Wwtr1;Ifrd1;Tpm3;Nqo1;Bag1;Tgfb1;Dennd2b;Sod3;Cd36;Mapre3;Myom1;Mapk12;Fhl1;Bin1;Itgb1;Rit1;Cryab,GSE162876_FPC_Advanced_vs_Control,FPC_Advanced,FPC_Control,,0
HALLMARK_TNFA_SIGNALING_VIA_NFKB,9.623418342037379e-6,4.811709171018689e-5,0.5933254763964051,0.5031764662727116,1.8122914110880572,140,Ccnd1;Relb;Jag1;Cd44;Klf6;Tnfaip3;Clcf1;Csf1;Ifit2;Tubb2a;Serpine1;Atf3;Tnfaip8;Cdkn1a;Fosl2;Nfkb2;Tnip1;Hbegf;Pmepa1;Nfkbie;Ets2;Ier5;Icam1;Marcks;Myc;Ier3;F2rl1;Rhob;Lif;Ptpre;Sat1;Cxcl10;Pfkfb3;Tlr2;Sgk1;Icosl;Rcan1;Gadd45b;Hes1;Trip10;Snn;Btg2;Atp2b1;Nampt;Plk2;Tgif1;Maff;Birc2;Zbtb10;Nfkbia;Litaf;Btg3,GSE162876_FPC_Advanced_vs_Control,FPC_Advanced,FPC_Control,,0
HALLMARK_FATTY_ACID_METABOLISM,1.8515430812977592e-5,7.714762838740664e-5,0.5756102610711286,-0.4049391818377637,-1.7332351615549373,136,Gstz1;Tdo2;Idi1;Gcdh;Aadat;Inmt;Nsdhl;Mdh1;Gabarapl1;Hsd17b7;Hmgcs1;Acaa2;Fabp1;Rdh11;Prdx6;Idh1;Dhcr24;Grhpr;Hpgd;Acat2;Idh3g;Reep6;Acsl1;Hsd17b10;Cpox;Acox1;Uros;Aldh1a1;Aldh9a1;Mix23;Idh3b;Sdhd;Hibch;Echs1;Mlycd;Auh;Glul;Ppara;Trp53inp2,GSE162876_FPC_Advanced_vs_Control,FPC_Advanced,FPC_Control,,0
HALLMARK_KRAS_SIGNALING_UP,1.7853379964322755e-5,7.714762838740664e-5,0.5756102610711286,0.5032954745496386,1.7927193344006507,124,Spp1;Sema3b;Ngf;Tnfaip3;Ano1;Abcb1a;Hkdc1;Tmem176b;Ephb2;Gprc5b;Dock2;Map3k1;Itga2;Ccnd2;Hbegf;Csf2ra;Ets1;Flt4;Sox9;Galnt3;F2rl1;Etv1;Spry2;Sparcl1;Lif;Il10ra;Cbl;Ctss;Cxcl10;Etv4;Nin;Gpnmb;Kcnn4;Car2;Btbd3;Btc;Plat;Tmem176a;Gucy1a1;Usp12;Spon1;Fgf9;Akap12;Tspan7,GSE162876_FPC_Advanced_vs_Control,FPC_Advanced,FPC_Control,,0
HALLMARK_ALLOGRAFT_REJECTION,6.223141216701072e-5,2.3935158525773356e-4,0.5384340963099162,0.5122189511878295,1.7869202174747707,100,Flna;Cd74;Csf1;Fyb1;Tgfb2;Elf4;Ccnd2;Brca1;Icam1;Ets1;Ifngr1;Ptprc;Stab1;Lif;Fgr;H2-Aa;Ctss;Tlr2;Icosl;Ccr5;Stat4;Ccr2;Tlr1;Npm1;Akt1;Stat1;Traf2;Dyrk3;Tpd52;Ly75;Socs5;Lcp2;Il7;Tgfb1;H2-DMa;Cd247;Ifngr2;Tapbp;Prkcb;Itgb2;Rars1;Il15,GSE162876_FPC_Advanced_vs_Control,FPC_Advanced,FPC_Control,,0
HALLMARK_APICAL_JUNCTION,8.691391487463169e-5,3.104068388379703e-4,0.5384340963099162,0.48841388888607684,1.7467359259587822,130,Sirpa;Cdh6;Vcam1;Itgb4;Myh9;Slit2;Itga9;Fyb1;Epb41l2;Src;Nlgn2;Itga2;Col16a1;Adamts5;Lamc2;Evl;Icam1;Fbn1;Ptprc;Itga3;Adam15;Ywhah;Cdh1;Cdh3;Akt3;Mpzl1;Mapk11;Gnai2;Tgfbi;Nexn;Myh10;Msn;Syk;Vcan;Crat;Cd276;Actg1;Cldn8;Myl12b;Sgce;Mmp2;Ctnnd1;Cd34;Arhgef6;Ctnna1;Actn4;Cd274;Actb;Nectin2;Wnk4,GSE162876_FPC_Advanced_vs_Control,FPC_Advanced,FPC_Control,,0
HALLMARK_IL2_STAT5_SIGNALING,1.2976852848212744e-4,4.325617616070915e-4,0.5188480777437918,0.4718211353698341,1.6993588701287374,140,Spp1;Cd44;Klf6;Igf1r;Itga6;Myo1c;Muc1;Bcl2;Rragd;Abcb1a;Csf1;Plscr1;Ahnak;Anxa4;Hk2;Tgm2;Ikzf2;Plagl1;Ccnd2;Prkch;Ifngr1;Myc;Serpinb6a;Itgav;Wls;Rhob;Lif;Il10ra;Col6a1;Cxcl10;Etv4;Ndrg1;Nt5e;Car2;Socs2;Gadd45b;Cdcp1;Tnfrsf21;Itih5;Nfkbiz;Alcam;Maff;Gbp3;Nop2;Ckap4;Odc1;Plec;Gpx4;Igf2r;Ager,GSE162876_FPC_Advanced_vs_Control,FPC_Advanced,FPC_Control,,0
HALLMARK_COAGULATION,3.931492195897467e-4,0.0012285913112179583,0.49849310876659025,-0.41224598029895465,-1.6765629435275047,102,Hrg;Klkb1;Proz;Serping1;Masp2;F11;Plg;F13b;F10;Mst1;C8a;Lrp1;C8g;Apoc1;Apoc3;C1s1;Bmp1;Proc;Hnf4a;Ang;Rgn;Itih1;Fgg;Ctsh;Mbl2;Dpp4;C8b;Casp9;Tfpi2;Lamp2;Tmprss6;Hpn;Fga;Serpinc1;Apoa1;F12;F2;Fn1;Furin;Cpn1;C9;Gda,GSE162876_FPC_Advanced_vs_Control,FPC_Advanced,FPC_Control,,0
HALLMARK_ANGIOGENESIS,5.340770502591837e-4,0.0015708148537034816,0.47727081536286214,0.697838091645291,1.867801553898466,22,Spp1;Jag1;Lpl;App;Col3a1;Pdgfa;Ccnd2;Col5a2;Itgav;Fstl1;Lum;Vcan;Tnfrsf21,GSE162876_FPC_Advanced_vs_Control,FPC_Advanced,FPC_Control,,0
HALLMARK_ESTROGEN_RESPONSE_EARLY,5.906160647021011e-4,0.0016406001797280585,0.47727081536286214,0.43918937107610306,1.5966903875003151,151,Ccnd1;Mybl1;Myof;Cd44;Thsd4;Igf1r;Sema3b;Rbbp8;Muc1;Bcl2;Ttc39a;Sybu;Mapt;Slc1a4;Tgm2;Gab2;Abhd2;Gja1;Celsr2;Krt8;Elf3;Mlph;Syt12;Anxa9;Frk;Zfp185;Syngr1;Myc;Lad1;Podxl;Tgif2;Hr;Cbfa2t3;Krt19;Adcy1;Tmem164;Slc24a3;Greb1;Rasgrp1;Hes1;Kazn;Tubb2b;Nrip1;Tjp3;Slc16a1;Ablim1,GSE162876_FPC_Advanced_vs_Control,FPC_Advanced,FPC_Control,Ttc39a,1
HALLMARK_INTERFERON_GAMMA_RESPONSE,7.432086288407952e-4,0.0019558121811599875,0.47727081536286214,0.43488622867522386,1.5839202387346956,153,Pfkp;Vcam1;Ly6e;Tnfaip3;Auts2;Cd74;Samd9l;Ifit2;Plscr1;Casp4;Cdkn1a;Sectm1a;Icam1;Oas2;Ciita;Mvp;Ifi44;Eif4e3;Parp14;Zbp1;Il10ra;H2-Aa;Cxcl10;Lysmd2;Sp110;Cmpk2;Xaf1;Stat4;Vamp5;Rnf213;Slamf7;Usp18;Nup93;Stat1;Nampt;Epsti1;Rsad2;Marchf1;Nfkbia;Gbp3;Lcp2;Il7;Cd274;Ifi27;Casp8;H2-DMa;Tapbp;Rigi;Herc6;Samhd1;Il15;Tor1b;Nfkb1,GSE162876_FPC_Advanced_vs_Control,FPC_Advanced,FPC_Control,,0
HALLMARK_IL6_JAK_STAT3_SIGNALING,9.142817748126577e-4,0.0022857044370316443,0.47727081536286214,0.567670129451611,1.8048074862863697,55,Cd44;Osmr;Lepr;Csf1;Pdgfc;Csf2ra;Ifngr1;Il10rb;Cd9;Cbl;Itga4;Cxcl10;Tlr2;Tnfrsf21;Stat1;Il7;Tgfb1;Ifngr2;Hmox1;Cd36;Il17rb;Dntt;Map3k8,GSE162876_FPC_Advanced_vs_Control,FPC_Advanced,FPC_Control,,0
HALLMARK_HEME_METABOLISM,9.716021348021929e-4,0.002313338416195697,0.47727081536286214,-0.3539335721083665,-1.5218061271409897,152,Aldh1l1;Alas2;Ftcd;Cat;Ranbp10;Foxo3;Slc22a4;Fn3k;Hagh;Gypc;Aldh6a1;Hebp1;Rcl1;Selenbp1;Narf;Tfdp2;Fbxo9;Dcaf11;H1f0;Fech;Osbp2;Slc30a10;Khnyn;Slc66a2;Ccdc28a;Ell2;Lamp2;Nr3c1;Cpox;Uros;Marchf2;Optn;Klf1;Slc25a38;Ypel5;Atp6v0a1;Rnf123;Eif2ak1;Cir1;Abcb6;Acp5;Dcun1d1;Epb41;Kat2b,GSE162876_FPC_Advanced_vs_Control,FPC_Advanced,FPC_Control,,0
HALLMARK_INFLAMMATORY_RESPONSE,0.0013096858813745804,0.0029765588213058647,0.45505986738722953,0.47406721428789034,1.6518350986948833,99,Gabbr1;Osmr;Klf6;Ly6e;Itgb8;Csf1;Serpine1;Mmp14;Cybb;Cdkn1a;Sema4d;Slc7a1;Hbegf;Icam1;Myc;Stab1;Lif;Ptpre;Il10ra;Axl;Slc4a4;Pvr;Cxcl10;Pcdh7;Tlr2;Icosl;Rasgrp1;Tlr1;Btg2;Atp2b1;P2rx7;Nampt,GSE162876_FPC_Advanced_vs_Control,FPC_Advanced,FPC_Control,,0
HALLMARK_APOPTOSIS,0.0028714812601225736,0.005982252625255362,0.4317076958033464,0.4315420800631689,1.5392928025620367,127,Ccnd1;Cd44;Nedd9;App;Top2a;Pak1;Tgfb2;Casp4;Erbb2;Atf3;Bgn;Cdkn1a;Clu;Sptan1;Timp2;Ccnd2;Brca1;Timp3;Ifngr1;Bcl2l11;Slc20a1;Ier3;Rhob;Cdc25b;Smad7;Sat1;Pea15a;Plcb2;Rnasel;Lum;Plat;Dcn;Gadd45b;Lmna;Gsn;Pdgfrb;Add1;Btg2;Mmp2;Btg3;Casp8;Ddit3;Gpx4;Igf2r;Etf1;Hmox1;Wee1;Sqstm1;Gadd45a;Retsat;Hgf,GSE162876_FPC_Advanced_vs_Control,FPC_Advanced,FPC_Control,,0
HALLMARK_HYPOXIA,0.002763505466557448,0.005982252625255362,0.4317076958033464,0.43358358753750004,1.5784083301819594,150,Klf6;Pfkp;Anxa2;Bcl2;Tnfaip3;Myh9;Rragd;Ccn2;Hk2;Tgm2;Serpine1;Pgm2;Dtna;Map3k1;Atf3;Bgn;Cdkn1a;Fosl2;Dpysl4;Ets1;Igfbp1;Pdgfb;Pam;Tmem45a;Ier3;Hk1;Cp;Cavin1;Tgfb3;Ndrg1;Tes;Ampd3;Tgfbi;Mt1;Pfkfb3;Inha;Vldlr;Dcn;Gpi1;Nagk;Large1;Akap12;Tpd52;Maff;Aldoa;Klf7;Ldha;Nedd4l;Ddit3;Prkca;Stbd1,GSE162876_FPC_Advanced_vs_Control,FPC_Advanced,FPC_Control,,0
HALLMARK_CHOLESTEROL_HOMEOSTASIS,0.003025447512366669,0.006050895024733338,0.4317076958033464,-0.4364662618796355,-1.6419104128619715,65,Stard4;Acss2;Fdft1;Adh4;Idi1;Hmgcr;Tm7sf2;Fdps;Mvd;Lss;Pmvk;Nsdhl;Sc5d;Ldlr;Hsd17b7;Hmgcs1;Ebp;Cyp51;Dhcr7;Sqle;Pcyt2;Avpr1a;Cpeb2;Errfi1;Gldc;Acat2;Mvk;Gstm7,GSE162876_FPC_Advanced_vs_Control,FPC_Advanced,FPC_Control,,0
HALLMARK_TGF_BETA_SIGNALING,0.0033923510792199115,0.0065237520754229065,0.4317076958033464,0.5202584177868447,1.6362161069499057,51,Serpine1;Thbs1;Ltbp2;Pmepa1;Sptbn1;Skil;Id1;Slc20a1;Smad7;Ski;Cdh1;Fkbp1a;Wwtr1;Tgif1;Tgfb1;Ifngr2;Tgfbr1;Tjp1;Rab31;Ncor2;Ctnnb1;Smurf2;Cdk9;Smad6,GSE162876_FPC_Advanced_vs_Control,FPC_Advanced,FPC_Control,,0
HALLMARK_ADIPOGENESIS,0.004887373899182369,0.009050692405893275,0.40701791892395395,-0.30566780351992684,-1.3554065423810038,184,Fah;Cat;Phyh;Aldh2;Lifr;Mccc1;Qdpr;Gphn;Acaa2;Ephx2;Dhcr7;Mylk;Idh1;Bckdha;Pgm1;Ddt;Cmbl;Chuk;Pdcd4;Sdhb;Dbt;Mtch2;Ppp1r15b;Pemt;Cd302;Idh3g;Aifm1;Reep6;Ak2;Coq3;Acox1;Lipe;Ndufs3;Apoe;Coq9;Sod1;Hibch;Echs1;Chchd10;Ubc;Ppm1b;Fzd4;Slc25a1;Nkiras1;Uqcrc1;Miga2;Elovl6;Uck1;Pim3;Preb;Grpel1;Acly;Cs;Baz2a;Cox7b;Cyp4b1;Tst;Mtarc2;Abcb8;Atp5po;Slc25a10;Mrpl15;Ndufa5;Col15a1,GSE162876_FPC_Advanced_vs_Control,FPC_Advanced,FPC_Control,,0
HALLMARK_ESTROGEN_RESPONSE_LATE,0.006861944877487296,0.01225347299551303,0.40701791892395395,0.41769791855244376,1.4899112493938123,127,Ccnd1;Myof;Cd44;Top2a;Sema3b;Rbbp8;Bcl2;St6galnac2;Mapt;St14;Slc1a4;Abhd2;Celsr2;Lamc2;Anxa9;Frk;Unc13b;Fgfr3;Hr;Kif20a;Krt19;Cd9;Cdh1;Slc24a3;Atp2b4;Stil;Car2;Sgk1;Pkp3;Impa2;Emp2;Plk4;Nrip1;Tjp3;Slc16a1;Large1;Dlg5;Snx10;Plxnb1;Fkbp5;Elovl5;Btg3;Aldh3a2;Bag1;Idh2;Dnajc1,GSE162876_FPC_Advanced_vs_Control,FPC_Advanced,FPC_Control,,0
HALLMARK_INTERFERON_ALPHA_RESPONSE,0.00882734794978626,0.014237657983526223,0.3807304007227924,0.4484674063282795,1.5265682791847892,84,Ly6e;Ncoa7;Cd74;Samd9l;Csf1;Ifit2;Plscr1;Ifi44;Parp14;Cxcl10;Uba7;Sp110;Cmpk2;Oas1a;Usp18;Epsti1;Rsad2;Gbp3;Il7;Ifi27;Casp8;Mov10;Herc6;Il15,GSE162876_FPC_Advanced_vs_Control,FPC_Advanced,FPC_Control,,0
HALLMARK_MTORC1_SIGNALING,0.008667359176511402,0.014237657983526223,0.3807304007227924,-0.2999862064223297,-1.325394287980001,182,Stard4;Idi1;Hmgcr;Tm7sf2;Cth;Sord;Insig1;Got1;Qdpr;Sc5d;Nherf1;Ldlr;Cyb5b;Tuba4a;Hmgcs1;Shmt2;Ebp;Igfbp5;Rdh11;Cyp51;Dhcr7;Idh1;Pgm1;Sqle;Srd5a1;Dhcr24;Pdk1;Ccnf;Hsp90b1;Ak4;Polr3g;Slc37a4;Edem1;Psma4;Fdxr;Nfil3;Dhfr;Elovl6;Pitpnb;Pgk1;Nfyc;Acly,GSE162876_FPC_Advanced_vs_Control,FPC_Advanced,FPC_Control,,0
HALLMARK_NOTCH_SIGNALING,0.008505441401575423,0.014237657983526223,0.3807304007227924,0.5963424252886018,1.6417995947297572,26,Maml2;Ccnd1;Jag1;Arrb1;St3gal6;Hes1,GSE162876_FPC_Advanced_vs_Control,FPC_Advanced,FPC_Control,,0
HALLMARK_P53_PATHWAY,0.01499622661845864,0.023431604091341623,0.3807304007227924,0.378994787959216,1.3821945805807891,161,Abcc5;Ptpn14;App;Itgb4;Apaf1;St14;Slc3a2;Cyfip2;Atf3;Cdkn1a;Pdgfa;Ccnd2;Hbegf;Ier5;Nupr1;Ier3;Ralgds;Lif;Ptpre;Sat1;Prmt2;Ndrg1;Rap2b;Zmat3;Plk3;Pvt1;Aen;Btg2;Ddb2;Tspyl2;Plk2;Rhbdf2;Trib3;Mapkapk3;S100a10;Fbxw7;Ctsd;Rps12;Tgfb1;Vwa5a;Ddit3;Nol8;Ephx1;Hmox1;Ppm1d;Pcna;Tax1bp3,GSE162876_FPC_Advanced_vs_Control,FPC_Advanced,FPC_Control,,0
HALLMARK_ANDROGEN_RESPONSE,0.0685640362225097,0.10388490336743894,0.19381330272531053,0.3886503316542642,1.3248902327895993,87,Ccnd1;Abcc4;Adamts1;Stk39;Abhd2;Tnfaip8;Krt8;Pmepa1;Herc3;Inpp4b;Tmprss2;Itgav;Krt19;Sat1;Sms-ps;Ndrg1;Ptpn21;Sgk1;Gucy1a1;Akt1;Rps6ka3;Akap12;Tpd52;Zbtb10;Fkbp5;Steap4;Elovl5,GSE162876_FPC_Advanced_vs_Control,FPC_Advanced,FPC_Control,,0
HALLMARK_MYC_TARGETS_V2,0.07650273224043716,0.11250401800064289,0.1882041463084906,0.4213495629314797,1.3391958811031726,54,Hk2;Myc;Mcm5;Pprc1;Plk4;Npm1;Gnl3;Plk1;Nop2;Mcm4;Ung;Mphosph10;Ppan;Cdk4;Nop56;Nolc1;Ddx18;Wdr43;Imp4;Mybbp1a;Ipo4;Las1l;Rrp12;Prmt3;Noc4l;Tcof1,GSE162876_FPC_Advanced_vs_Control,FPC_Advanced,FPC_Control,,0
HALLMARK_APICAL_SURFACE,0.10798816568047337,0.1499835634451019,0.16318012718068908,0.4931240812886824,1.33415624020253,24,App;Pkhd1;Brca1;Mal;Scube1;Crybg1;Akap7;Dcbld2;Adam10;Flot2;Crocc,GSE162876_FPC_Advanced_vs_Control,FPC_Advanced,FPC_Control,,0
HALLMARK_MYC_TARGETS_V1,0.10714285714285714,0.1499835634451019,0.1429011493869481,0.3259395546543504,1.2078725387828453,190,Mcm6;Myc;Mad2l1;Mcm2;Ccna2;Nap1l1;Mcm5;Npm1;Ddx21;Srsf3;Xpo1;Ifrd1;Gnl3;Hsp90ab1;Eif4a1;Ranbp1;Ctps1;Ldha;Odc1;Mcm4;Hnrnpa1;Mcm7;Pabpc1;Ywhae;Hddc2;Psmd8;Kars1;Etf1;Cdk4;Srsf7;Nop56;Cad;Cct5;Cdc45;Pwp1;Pcna;Ywhaq;Srpk1;Rrm1;Nolc1;Hdac2;Pabpc4;Cct2;Rsl1d1;Cstf2;Ddx18;G3bp1;Eef1b2;Ssb;Cct4;Cct3;Smarcc1;Mrpl23;Eif2s2;Prpf31;Orc2;Xpot;Ppm1g;Prdx3;Bub3;Rplp0;Syncrip;Fbl;Tyms;Gm9531;Uba2;Eif2s1;Dek;Sf3b3;Erh;Ruvbl2;Dhx15;Impdh2;Ran;Nhp2,GSE162876_FPC_Advanced_vs_Control,FPC_Advanced,FPC_Control,,0
HALLMARK_KRAS_SIGNALING_DN,0.13247863247863248,0.17902517902517903,0.25720646646883816,-0.3140245991490958,-1.195740338958484,72,Prodh;P2ry4;Slc38a3;Nr6a1;Sptbn2;Abcb11;Magix;Camk1d;Mast3;Coq8a;Fggy;Thrb;Brdt;Hc;Pdk2;Sphk2;Gamt;Slc25a23;Kcnn1;Thnsl2;Hnf1a,GSE162876_FPC_Advanced_vs_Control,FPC_Advanced,FPC_Control,,0
HALLMARK_HEDGEHOG_SIGNALING,0.14094955489614244,0.185459940652819,0.14122511964253093,0.49124747050181783,1.3020733655772556,21,Myh9;Adgrg1;Amot;Ophn1;Ets2;Vldlr;Nrp2;Cdk6;Dpysl2;Tle3,GSE162876_FPC_Advanced_vs_Control,FPC_Advanced,FPC_Control,,0
HALLMARK_COMPLEMENT,0.17142857142857143,0.2197802197802198,0.2616635217115731,-0.26408263948661664,-1.1219854799142261,131,Klkb1;Kynu;Dock4;Serping1;Fdx1;Plg;Pim1;F10;F7;F5;Lrp1;Apoc1;C1s1;Pcsk9;Lap3;Dyrk2;Hnf4a;Ang;Msrb1;Itih1;Ctsh;Dpp4;Casp9;Tfpi2;Lamp2,GSE162876_FPC_Advanced_vs_Control,FPC_Advanced,FPC_Control,,0
HALLMARK_PEROXISOME,0.18571428571428572,0.23214285714285715,0.22798720285044224,-0.281449631481402,-1.1305181195603338,92,Idi1;Cat;Fdps;Ttr;Sod2;Ephx2;Rdh11;Idh1;Hsd3b7;Dhcr24;Abcd3;Dio1;Atxn1;Slc25a19;Acsl1;Acox1;Aldh1a1;Aldh9a1;Sod1;Slc25a17;Pex5;Gstk1;Mlycd;Serpina6;Cnbp,GSE162876_FPC_Advanced_vs_Control,FPC_Advanced,FPC_Control,,0
HALLMARK_SPERMATOGENESIS,0.2179144385026738,0.26574931524716316,0.1035763266125924,0.3625479430219403,1.1787417915513332,60,Cftr;Spata6;Nphp1;Agfg1;Pacrg;Mtnr1a;Kif2c;Ttk;Aurka;Topbp1;Nek2;Ncaph;Cdk1;Alox15;Dbf4;Slc12a2;Mast2;Septin4;Mtor;Ezh2;Parp2,GSE162876_FPC_Advanced_vs_Control,FPC_Advanced,FPC_Control,,0
HALLMARK_GLYCOLYSIS,0.32387706855791965,0.3848673435964625,0.07436253844225256,0.29482025640140974,1.0746050474136342,156,Cd44;Pygb;Pfkp;Rragd;Hk2;Pgm2;Hmmr;Elf3;Dpysl4;Me2;Plod2;Pam;Capn5;Sox9;Depdc1a;Ier3;Kif20a;Agrn;Pkm;B4galt2;Tgfbi;Nt5e;Stmn1;Gal3st1;Vldlr;Dcn;Vcan;Aurka;Idua;Cdk1,GSE162876_FPC_Advanced_vs_Control,FPC_Advanced,FPC_Control,,0
HALLMARK_WNT_BETA_CATENIN_SIGNALING,0.33098591549295775,0.3848673435964625,0.0824344091527096,0.3820127933440148,1.1058942852905334,33,Jag1;Ccnd2;Myc;Csnk1e;Tcf7;Hdac2;Axin2;Ppard;Ncor2;Axin1;Ctnnb1,GSE162876_FPC_Advanced_vs_Control,FPC_Advanced,FPC_Control,,0
HALLMARK_UV_RESPONSE_UP,0.39364303178484106,0.44732162702822853,0.06628421870126719,0.29157113827200054,1.0357143317835447,121,Gls;Abcb1a;Mmp14;Dlg4;Epcam;Atf3;Icam1;Slc6a8;Bcl2l11;Rhob;Slc25a4;Chka;Car2;Prkcd;Rasgrp1;Ago2;Ddx21;Cyb5r1;Btg2;Bsg;Mark2;Nfkbia;E2f5;Aldoa;Btg3;Arrb2;Ephx1;Plcl1;Hmox1;Sqstm1;Tfrc;Parp2;Tchh,GSE162876_FPC_Advanced_vs_Control,FPC_Advanced,FPC_Control,,0
HALLMARK_DNA_REPAIR,0.4162621359223301,0.46251348435814454,0.06321911708594577,0.2879441508718072,1.031209459224243,133,Stx3;Lig1;Usp11;Pold3;Adcy6;Cmpk2;Bcam;Pola1;Ddb2;Rad51;Dgcr8;Rfc2;Pold1;Vps28;Rrm2b;Snapc4;Sdcbp;Gtf2b;Gpx4;Pcna;Zwint;Taf1c;Rfc3;Aprt;Gsdme;Nt5c;Cda;Pom121;Prim1;Rala;Surf1;Ddb1;Gtf3c5;Xpc;Umps;Polr2e,GSE162876_FPC_Advanced_vs_Control,FPC_Advanced,FPC_Control,,0
HALLMARK_PROTEIN_SECRETION,0.49288486416558863,0.535744417571292,0.0582216241124161,0.28933267268078355,0.9855896980384147,89,Dst;Tspan8;Pam;Ica1;Cd63;Cav2;Rps6ka3;Cltc;Tpd52;Ocrl;Sgms1;Arfgap3;Igf2r;Stx12;Atp7a;Arfgef1;Krt18;Adam10;Atp1a1;Arfip1;Stam;Ap2b1,GSE162876_FPC_Advanced_vs_Control,FPC_Advanced,FPC_Control,,0
HALLMARK_PI3K_AKT_MTOR_SIGNALING,0.7651515151515151,0.8139909735654416,0.03683896068705055,0.24628655785293507,0.8462211604268473,92,Ngf;Cdkn1a;Dapp1;Adcy2;Arhgdia;Sla;Akt1;Cdk1;Rps6ka3;Traf2;Cltc;Trib3;Ddit3;Cdk4;Actr3;Prkcb;Irak4;Sqstm1;Tiam1;Dusp3;Cfl1;Rit1;Rps6ka1;Actr2;Grk2;Pla2g12a,GSE162876_FPC_Advanced_vs_Control,FPC_Advanced,FPC_Control,,0
HALLMARK_REACTIVE_OXYGEN_SPECIES_PATHWAY,0.825,0.859375,0.03777050013247901,0.25605701606844156,0.7746126770730932,41,Pfkp;Abcc1;Mbp;Srxn1,GSE162876_FPC_Advanced_vs_Control,FPC_Advanced,FPC_Control,,0
HALLMARK_PANCREAS_BETA_CELLS,0.8736517719568567,0.8914813999559763,0.039921862429271364,0.28057950491899986,0.7019104778639669,17,Stxbp1;Pak3;Akt3;Lmo2,GSE162876_FPC_Advanced_vs_Control,FPC_Advanced,FPC_Control,,0
HALLMARK_UNFOLDED_PROTEIN_RESPONSE,0.8983890954151177,0.8983890954151177,0.028151481896023216,0.22028507518544233,0.7696296298841587,101,Slc1a4;Tubb2a;Atf3;Aldh18a1;Igfbp1;Psat1;Nabp1;Eif2ak3;Npm1;Tspyl2;Eif4a1;Sdad1;Nop56;Nolc1;Fus;Nop14;Nfya;Xpot;Ywhaz;Khsrp;Paip1;Cebpg;Srprb;Exosc1;Eif2s1,GSE162876_FPC_Advanced_vs_Control,FPC_Advanced,FPC_Control,,0
