pair_id	label	group_id	adaptive_priority_score	orientation_adps	annotation_adps	case_expression_adps	energy_adps	interface_adps	case_editing_adps	RI_adps
B1_Mus1_chr9_53400399_53400546_-__ORR1E_chr9_53400826_53400887_-		MIR130C|MIR130C	0.28125	0.5	1.0	0.0	0.2708333333333333	0.40625	0.5	0.0
B4_chr7_83642192_83642267_-__MLT1G_chr7_83643213_83643397_+		B4_chr7_83642192_83642267_-__MLT1G_chr7_83643213_83643397_+	0.375	1.0	0.0	0.5	0.5	0.5625	0.5	0.0
L2a_chr8_71624132_71624209_-__L2b_chr8_71624418_71624459_-		COLGALT1|COLGALT1	0.09375	0.5	0.0	0.0	0.3541666666666667	0.78125	0.0	0.0
L2b_chr8_71624418_71624459_-__MIRb_chr8_71623911_71623955_-		COLGALT1|COLGALT1	0.09375	0.5	0.0	0.0	0.4166666666666667	0.40625	0.0	0.0
L2c_chr8_71624205_71624263_-__L2b_chr8_71624418_71624459_-		COLGALT1|COLGALT1	0.09375	0.5	0.0	0.0	0.3333333333333333	0.5625	0.0	0.0
Lx3A_chr2_150326228_150326982_+__L1Md_F2_chr2_150327239_150328187_-		ZFP1001|ZFP1001	0.28125	0.5	1.0	0.0	0.3958333333333333	0.40625	0.0	0.0
MT2B2_chr10_82955392_82955521_+__LTR102_Mam_chr10_82954973_82955050_-	0.0	GM4799|GM4799	0.375	1.0	1.0	0.0	0.3125	0.84375	0.5	0.0
ORR1A1-int_chr17_36004833_36005218_-__ORR1A1-int_chr17_36005365_36006132_-	1.0	ORR1A1-int_chr17_36004833_36005218_-__ORR1A1-int_chr17_36005365_36006132_-	0.28125	0.5	1.0	0.0	0.1666666666666666	0.4375	0.5	0.0
ORR1A1-int_chr17_36004833_36005218_-__RMER19B_chr17_36006203_36006415_-	1.0	ORR1A1-int_chr17_36004833_36005218_-__RMER19B_chr17_36006203_36006415_-	0.28125	0.5	1.0	0.0	0.2708333333333333	0.78125	0.5	0.0
ORR1A3_chr13_74692928_74693248_+__ORR1F_chr13_74691867_74692082_-	1.0	CAST|CAST	0.1875	1.0	0.0	0.0	0.3541666666666667	0.90625	0.5	0.0
RLTR9A3_chr17_36004261_36004384_-__ORR1A1-int_chr17_36005365_36006132_-	1.0	RLTR9A3_chr17_36004261_36004384_-__ORR1A1-int_chr17_36005365_36006132_-	0.28125	0.5	1.0	0.0	0.4375	0.75	0.0	0.0
RLTR9A3_chr17_36004537_36004657_-__ORR1A1-int_chr17_36005365_36006132_-	1.0	RLTR9A3_chr17_36004537_36004657_-__ORR1A1-int_chr17_36005365_36006132_-	0.28125	0.5	1.0	0.0	0.2291666666666666	0.53125	0.0	0.0
RMER5_chr3_65958801_65958921_+__B1_Mm_chr3_65958921_65959068_-	0.0	CCNL1|CCNL1	0.9166666666666666	1.0	1.0	1.0	0.3229166666666667	0.0625	0.0	0.6666666666666666
RMER5_chr3_65958801_65958921_+__ORR1F_chr3_65959577_65959724_-	0.0	CCNL1|CCNL1	0.9166666666666666	1.0	1.0	1.0	0.3645833333333333	0.3125	0.0	0.6666666666666666
RSINE1_chr16_44736611_44736715_-__ORR1A3_chr16_44736715_44736977_-		GTPBP8|NEPRO	0.46875	0.5	0.0	1.0	0.4375	0.5	0.0	0.0
RSINE1_chr16_44736611_44736715_-__RSINE1_chr16_44736977_44737042_-		GTPBP8|NEPRO	0.28125	0.5	0.0	0.5	0.5	0.25	0.0	0.0
